amount,consumer_id,http_code,left_in_stock,merchant_id,offer_id,price,product_id,quality,timestamp,uid
1,+h9wEzBQmKzSOxGE8SX8unXJ1Hseybidgzd8n8J5Bs0=,200,0,79n7kjGj4f5IgYHHsn/1vM48wtups6ZgzthW+tZS+Sg=,4713,10.29,1,4,2017-09-05T15:29:20.692Z,14
1,+h9wEzBQmKzSOxGE8SX8unXJ1Hseybidgzd8n8J5Bs0=,200,0,79n7kjGj4f5IgYHHsn/1vM48wtups6ZgzthW+tZS+Sg=,4707,7.79,1,4,2017-09-05T15:29:22.022Z,14
1,+h9wEzBQmKzSOxGE8SX8unXJ1Hseybidgzd8n8J5Bs0=,200,0,79n7kjGj4f5IgYHHsn/1vM48wtups6ZgzthW+tZS+Sg=,4711,10.84,1,4,2017-09-05T15:29:27.018Z,14
1,+h9wEzBQmKzSOxGE8SX8unXJ1Hseybidgzd8n8J5Bs0=,200,1,79n7kjGj4f5IgYHHsn/1vM48wtups6ZgzthW+tZS+Sg=,4709,38.85,1,1,2017-09-05T15:29:27.661Z,11
1,+h9wEzBQmKzSOxGE8SX8unXJ1Hseybidgzd8n8J5Bs0=,200,0,79n7kjGj4f5IgYHHsn/1vM48wtups6ZgzthW+tZS+Sg=,4714,10.0,1,3,2017-09-05T15:29:31.077Z,13
1,+h9wEzBQmKzSOxGE8SX8unXJ1Hseybidgzd8n8J5Bs0=,200,0,79n7kjGj4f5IgYHHsn/1vM48wtups6ZgzthW+tZS+Sg=,4708,10.38,1,4,2017-09-05T15:29:33.402Z,14
1,+h9wEzBQmKzSOxGE8SX8unXJ1Hseybidgzd8n8J5Bs0=,200,0,79n7kjGj4f5IgYHHsn/1vM48wtups6ZgzthW+tZS+Sg=,4705,15.61,1,3,2017-09-05T15:29:39.191Z,13
1,+h9wEzBQmKzSOxGE8SX8unXJ1Hseybidgzd8n8J5Bs0=,200,3,79n7kjGj4f5IgYHHsn/1vM48wtups6ZgzthW+tZS+Sg=,4710,17.89,1,3,2017-09-05T15:29:45.194Z,13
1,+h9wEzBQmKzSOxGE8SX8unXJ1Hseybidgzd8n8J5Bs0=,200,0,79n7kjGj4f5IgYHHsn/1vM48wtups6ZgzthW+tZS+Sg=,4706,12.43,1,3,2017-09-05T15:29:50.929Z,13
1,+h9wEzBQmKzSOxGE8SX8unXJ1Hseybidgzd8n8J5Bs0=,200,2,79n7kjGj4f5IgYHHsn/1vM48wtups6ZgzthW+tZS+Sg=,4710,20.79,1,3,2017-09-05T15:29:56.220Z,13
1,+h9wEzBQmKzSOxGE8SX8unXJ1Hseybidgzd8n8J5Bs0=,200,3,79n7kjGj4f5IgYHHsn/1vM48wtups6ZgzthW+tZS+Sg=,4709,41.06,1,1,2017-09-05T15:30:09.511Z,11
1,+h9wEzBQmKzSOxGE8SX8unXJ1Hseybidgzd8n8J5Bs0=,200,2,79n7kjGj4f5IgYHHsn/1vM48wtups6ZgzthW+tZS+Sg=,4710,14.4,1,3,2017-09-05T15:30:23.371Z,13
1,+h9wEzBQmKzSOxGE8SX8unXJ1Hseybidgzd8n8J5Bs0=,200,1,79n7kjGj4f5IgYHHsn/1vM48wtups6ZgzthW+tZS+Sg=,4710,13.94,1,3,2017-09-05T15:30:24.011Z,13
1,+h9wEzBQmKzSOxGE8SX8unXJ1Hseybidgzd8n8J5Bs0=,409,0,79n7kjGj4f5IgYHHsn/1vM48wtups6ZgzthW+tZS+Sg=,4716,9.46,1,4,2017-09-05T15:30:25.880Z,14
1,+h9wEzBQmKzSOxGE8SX8unXJ1Hseybidgzd8n8J5Bs0=,200,0,79n7kjGj4f5IgYHHsn/1vM48wtups6ZgzthW+tZS+Sg=,4716,10.87,1,4,2017-09-05T15:30:29.159Z,14
1,+h9wEzBQmKzSOxGE8SX8unXJ1Hseybidgzd8n8J5Bs0=,200,3,79n7kjGj4f5IgYHHsn/1vM48wtups6ZgzthW+tZS+Sg=,4712,14.67,1,2,2017-09-05T15:30:33.056Z,12
1,+h9wEzBQmKzSOxGE8SX8unXJ1Hseybidgzd8n8J5Bs0=,200,0,79n7kjGj4f5IgYHHsn/1vM48wtups6ZgzthW+tZS+Sg=,4710,9.91,1,3,2017-09-05T15:30:39.751Z,13
1,+h9wEzBQmKzSOxGE8SX8unXJ1Hseybidgzd8n8J5Bs0=,200,4,79n7kjGj4f5IgYHHsn/1vM48wtups6ZgzthW+tZS+Sg=,4709,32.22,1,1,2017-09-05T15:31:15.335Z,11
1,+h9wEzBQmKzSOxGE8SX8unXJ1Hseybidgzd8n8J5Bs0=,200,0,79n7kjGj4f5IgYHHsn/1vM48wtups6ZgzthW+tZS+Sg=,4717,7.69,1,4,2017-09-05T15:31:15.934Z,14
1,+h9wEzBQmKzSOxGE8SX8unXJ1Hseybidgzd8n8J5Bs0=,200,4,79n7kjGj4f5IgYHHsn/1vM48wtups6ZgzthW+tZS+Sg=,4712,33.11,1,2,2017-09-05T15:31:26.906Z,12
1,+h9wEzBQmKzSOxGE8SX8unXJ1Hseybidgzd8n8J5Bs0=,200,0,79n7kjGj4f5IgYHHsn/1vM48wtups6ZgzthW+tZS+Sg=,4718,8.56,1,4,2017-09-05T15:31:32.397Z,14
1,+h9wEzBQmKzSOxGE8SX8unXJ1Hseybidgzd8n8J5Bs0=,200,0,79n7kjGj4f5IgYHHsn/1vM48wtups6ZgzthW+tZS+Sg=,4719,10.15,1,4,2017-09-05T15:31:38.767Z,14
1,+h9wEzBQmKzSOxGE8SX8unXJ1Hseybidgzd8n8J5Bs0=,200,5,79n7kjGj4f5IgYHHsn/1vM48wtups6ZgzthW+tZS+Sg=,4709,21.85,1,1,2017-09-05T15:31:57.168Z,11
1,+h9wEzBQmKzSOxGE8SX8unXJ1Hseybidgzd8n8J5Bs0=,200,0,79n7kjGj4f5IgYHHsn/1vM48wtups6ZgzthW+tZS+Sg=,4720,12.24,1,3,2017-09-05T15:32:00.618Z,13
1,+h9wEzBQmKzSOxGE8SX8unXJ1Hseybidgzd8n8J5Bs0=,200,0,79n7kjGj4f5IgYHHsn/1vM48wtups6ZgzthW+tZS+Sg=,4721,11.06,1,3,2017-09-05T15:32:14.331Z,13
1,+h9wEzBQmKzSOxGE8SX8unXJ1Hseybidgzd8n8J5Bs0=,200,0,79n7kjGj4f5IgYHHsn/1vM48wtups6ZgzthW+tZS+Sg=,4722,8.0,1,4,2017-09-05T15:32:23.957Z,14
1,+h9wEzBQmKzSOxGE8SX8unXJ1Hseybidgzd8n8J5Bs0=,200,4,79n7kjGj4f5IgYHHsn/1vM48wtups6ZgzthW+tZS+Sg=,4709,30.24,1,1,2017-09-05T15:32:40.352Z,11
1,+h9wEzBQmKzSOxGE8SX8unXJ1Hseybidgzd8n8J5Bs0=,200,0,79n7kjGj4f5IgYHHsn/1vM48wtups6ZgzthW+tZS+Sg=,4723,26.96,1,3,2017-09-05T15:32:41.667Z,13
1,+h9wEzBQmKzSOxGE8SX8unXJ1Hseybidgzd8n8J5Bs0=,200,4,79n7kjGj4f5IgYHHsn/1vM48wtups6ZgzthW+tZS+Sg=,4712,12.8,1,2,2017-09-05T15:32:49.886Z,12
1,+h9wEzBQmKzSOxGE8SX8unXJ1Hseybidgzd8n8J5Bs0=,200,0,79n7kjGj4f5IgYHHsn/1vM48wtups6ZgzthW+tZS+Sg=,4724,16.96,1,4,2017-09-05T15:32:51.817Z,14
1,+h9wEzBQmKzSOxGE8SX8unXJ1Hseybidgzd8n8J5Bs0=,200,0,79n7kjGj4f5IgYHHsn/1vM48wtups6ZgzthW+tZS+Sg=,4725,12.45,1,3,2017-09-05T15:32:53.994Z,13
1,+h9wEzBQmKzSOxGE8SX8unXJ1Hseybidgzd8n8J5Bs0=,200,4,79n7kjGj4f5IgYHHsn/1vM48wtups6ZgzthW+tZS+Sg=,4712,22.3,1,2,2017-09-05T15:33:05.169Z,12
1,+h9wEzBQmKzSOxGE8SX8unXJ1Hseybidgzd8n8J5Bs0=,200,0,79n7kjGj4f5IgYHHsn/1vM48wtups6ZgzthW+tZS+Sg=,4726,18.58,1,3,2017-09-05T15:33:09.221Z,13
1,+h9wEzBQmKzSOxGE8SX8unXJ1Hseybidgzd8n8J5Bs0=,200,0,79n7kjGj4f5IgYHHsn/1vM48wtups6ZgzthW+tZS+Sg=,4727,13.8,1,3,2017-09-05T15:33:13.818Z,13
1,+h9wEzBQmKzSOxGE8SX8unXJ1Hseybidgzd8n8J5Bs0=,200,3,79n7kjGj4f5IgYHHsn/1vM48wtups6ZgzthW+tZS+Sg=,4709,20.2,1,1,2017-09-05T15:33:15.586Z,11
1,+h9wEzBQmKzSOxGE8SX8unXJ1Hseybidgzd8n8J5Bs0=,200,0,79n7kjGj4f5IgYHHsn/1vM48wtups6ZgzthW+tZS+Sg=,4729,10.49,1,4,2017-09-05T15:33:25.196Z,14
1,+h9wEzBQmKzSOxGE8SX8unXJ1Hseybidgzd8n8J5Bs0=,200,0,79n7kjGj4f5IgYHHsn/1vM48wtups6ZgzthW+tZS+Sg=,4728,13.17,1,3,2017-09-05T15:33:30.016Z,13
1,+h9wEzBQmKzSOxGE8SX8unXJ1Hseybidgzd8n8J5Bs0=,200,0,79n7kjGj4f5IgYHHsn/1vM48wtups6ZgzthW+tZS+Sg=,4730,8.56,1,4,2017-09-05T15:33:33.254Z,14
1,+h9wEzBQmKzSOxGE8SX8unXJ1Hseybidgzd8n8J5Bs0=,200,1,79n7kjGj4f5IgYHHsn/1vM48wtups6ZgzthW+tZS+Sg=,4728,9.49,1,3,2017-09-05T15:33:37.679Z,13
1,+h9wEzBQmKzSOxGE8SX8unXJ1Hseybidgzd8n8J5Bs0=,409,0,79n7kjGj4f5IgYHHsn/1vM48wtups6ZgzthW+tZS+Sg=,4728,12.2,1,3,2017-09-05T15:33:49.856Z,13
1,+h9wEzBQmKzSOxGE8SX8unXJ1Hseybidgzd8n8J5Bs0=,200,4,79n7kjGj4f5IgYHHsn/1vM48wtups6ZgzthW+tZS+Sg=,4712,30.73,1,2,2017-09-05T15:33:56.688Z,12
1,+h9wEzBQmKzSOxGE8SX8unXJ1Hseybidgzd8n8J5Bs0=,200,0,79n7kjGj4f5IgYHHsn/1vM48wtups6ZgzthW+tZS+Sg=,4728,21.19,1,3,2017-09-05T15:34:00.179Z,13
1,+h9wEzBQmKzSOxGE8SX8unXJ1Hseybidgzd8n8J5Bs0=,200,5,79n7kjGj4f5IgYHHsn/1vM48wtups6ZgzthW+tZS+Sg=,4709,44.94,1,1,2017-09-05T15:34:30.510Z,11
1,+h9wEzBQmKzSOxGE8SX8unXJ1Hseybidgzd8n8J5Bs0=,200,0,79n7kjGj4f5IgYHHsn/1vM48wtups6ZgzthW+tZS+Sg=,4731,7.13,1,4,2017-09-05T15:34:39.313Z,14
1,+h9wEzBQmKzSOxGE8SX8unXJ1Hseybidgzd8n8J5Bs0=,200,3,79n7kjGj4f5IgYHHsn/1vM48wtups6ZgzthW+tZS+Sg=,4712,30.37,1,2,2017-09-05T15:34:45.465Z,12
1,+h9wEzBQmKzSOxGE8SX8unXJ1Hseybidgzd8n8J5Bs0=,200,3,79n7kjGj4f5IgYHHsn/1vM48wtups6ZgzthW+tZS+Sg=,4712,27.77,1,2,2017-09-05T15:34:55.392Z,12
1,+h9wEzBQmKzSOxGE8SX8unXJ1Hseybidgzd8n8J5Bs0=,200,0,79n7kjGj4f5IgYHHsn/1vM48wtups6ZgzthW+tZS+Sg=,4732,10.93,1,3,2017-09-05T15:35:07.069Z,13
1,+h9wEzBQmKzSOxGE8SX8unXJ1Hseybidgzd8n8J5Bs0=,200,2,79n7kjGj4f5IgYHHsn/1vM48wtups6ZgzthW+tZS+Sg=,4712,34.08,1,2,2017-09-05T15:35:39.898Z,12
1,+h9wEzBQmKzSOxGE8SX8unXJ1Hseybidgzd8n8J5Bs0=,200,0,79n7kjGj4f5IgYHHsn/1vM48wtups6ZgzthW+tZS+Sg=,4733,8.35,1,4,2017-09-05T15:35:41.157Z,14
1,+h9wEzBQmKzSOxGE8SX8unXJ1Hseybidgzd8n8J5Bs0=,200,1,79n7kjGj4f5IgYHHsn/1vM48wtups6ZgzthW+tZS+Sg=,4712,26.96,1,2,2017-09-05T15:35:42.606Z,12
1,+h9wEzBQmKzSOxGE8SX8unXJ1Hseybidgzd8n8J5Bs0=,200,0,79n7kjGj4f5IgYHHsn/1vM48wtups6ZgzthW+tZS+Sg=,4734,16.87,1,4,2017-09-05T15:35:42.854Z,14
1,+h9wEzBQmKzSOxGE8SX8unXJ1Hseybidgzd8n8J5Bs0=,200,0,79n7kjGj4f5IgYHHsn/1vM48wtups6ZgzthW+tZS+Sg=,4734,6.8,1,4,2017-09-05T15:35:51.265Z,14
1,+h9wEzBQmKzSOxGE8SX8unXJ1Hseybidgzd8n8J5Bs0=,200,0,79n7kjGj4f5IgYHHsn/1vM48wtups6ZgzthW+tZS+Sg=,4712,21.4,1,2,2017-09-05T15:35:54.227Z,12
1,+h9wEzBQmKzSOxGE8SX8unXJ1Hseybidgzd8n8J5Bs0=,200,0,79n7kjGj4f5IgYHHsn/1vM48wtups6ZgzthW+tZS+Sg=,4735,10.56,1,4,2017-09-05T15:35:57.558Z,14
1,+h9wEzBQmKzSOxGE8SX8unXJ1Hseybidgzd8n8J5Bs0=,200,0,79n7kjGj4f5IgYHHsn/1vM48wtups6ZgzthW+tZS+Sg=,4737,12.4,1,2,2017-09-05T15:36:01.538Z,12
1,+h9wEzBQmKzSOxGE8SX8unXJ1Hseybidgzd8n8J5Bs0=,200,0,79n7kjGj4f5IgYHHsn/1vM48wtups6ZgzthW+tZS+Sg=,4736,25.62,1,3,2017-09-05T15:36:11.938Z,13
1,+h9wEzBQmKzSOxGE8SX8unXJ1Hseybidgzd8n8J5Bs0=,200,7,79n7kjGj4f5IgYHHsn/1vM48wtups6ZgzthW+tZS+Sg=,4709,23.59,1,1,2017-09-05T15:36:12.578Z,11
1,+h9wEzBQmKzSOxGE8SX8unXJ1Hseybidgzd8n8J5Bs0=,200,2,79n7kjGj4f5IgYHHsn/1vM48wtups6ZgzthW+tZS+Sg=,4738,15.31,1,2,2017-09-05T15:36:13.145Z,12
1,+h9wEzBQmKzSOxGE8SX8unXJ1Hseybidgzd8n8J5Bs0=,200,0,79n7kjGj4f5IgYHHsn/1vM48wtups6ZgzthW+tZS+Sg=,4739,21.49,1,3,2017-09-05T15:36:34.078Z,13
1,+h9wEzBQmKzSOxGE8SX8unXJ1Hseybidgzd8n8J5Bs0=,200,0,79n7kjGj4f5IgYHHsn/1vM48wtups6ZgzthW+tZS+Sg=,4740,11.9,1,4,2017-09-05T15:36:45.923Z,14
1,+h9wEzBQmKzSOxGE8SX8unXJ1Hseybidgzd8n8J5Bs0=,200,7,79n7kjGj4f5IgYHHsn/1vM48wtups6ZgzthW+tZS+Sg=,4709,29.51,1,1,2017-09-05T15:36:56.890Z,11
1,+h9wEzBQmKzSOxGE8SX8unXJ1Hseybidgzd8n8J5Bs0=,200,1,79n7kjGj4f5IgYHHsn/1vM48wtups6ZgzthW+tZS+Sg=,4738,26.59,1,2,2017-09-05T15:37:15.896Z,12
1,+h9wEzBQmKzSOxGE8SX8unXJ1Hseybidgzd8n8J5Bs0=,200,8,79n7kjGj4f5IgYHHsn/1vM48wtups6ZgzthW+tZS+Sg=,4709,35.65,1,1,2017-09-05T15:37:27.822Z,11
1,+h9wEzBQmKzSOxGE8SX8unXJ1Hseybidgzd8n8J5Bs0=,200,7,79n7kjGj4f5IgYHHsn/1vM48wtups6ZgzthW+tZS+Sg=,4709,17.6,1,1,2017-09-05T15:37:28.505Z,11
1,+h9wEzBQmKzSOxGE8SX8unXJ1Hseybidgzd8n8J5Bs0=,200,1,79n7kjGj4f5IgYHHsn/1vM48wtups6ZgzthW+tZS+Sg=,4741,8.06,1,4,2017-09-05T15:37:38.499Z,14
1,+h9wEzBQmKzSOxGE8SX8unXJ1Hseybidgzd8n8J5Bs0=,200,0,79n7kjGj4f5IgYHHsn/1vM48wtups6ZgzthW+tZS+Sg=,4741,8.66,1,4,2017-09-05T15:37:39.278Z,14
1,+h9wEzBQmKzSOxGE8SX8unXJ1Hseybidgzd8n8J5Bs0=,200,0,79n7kjGj4f5IgYHHsn/1vM48wtups6ZgzthW+tZS+Sg=,4742,19.04,1,3,2017-09-05T15:37:39.923Z,13
1,+h9wEzBQmKzSOxGE8SX8unXJ1Hseybidgzd8n8J5Bs0=,200,0,79n7kjGj4f5IgYHHsn/1vM48wtups6ZgzthW+tZS+Sg=,4743,9.2,1,3,2017-09-05T15:37:47.185Z,13
1,+h9wEzBQmKzSOxGE8SX8unXJ1Hseybidgzd8n8J5Bs0=,200,6,79n7kjGj4f5IgYHHsn/1vM48wtups6ZgzthW+tZS+Sg=,4709,17.73,1,1,2017-09-05T15:37:53.243Z,11
1,+h9wEzBQmKzSOxGE8SX8unXJ1Hseybidgzd8n8J5Bs0=,200,0,79n7kjGj4f5IgYHHsn/1vM48wtups6ZgzthW+tZS+Sg=,4744,14.67,1,3,2017-09-05T15:38:03.226Z,13
1,+h9wEzBQmKzSOxGE8SX8unXJ1Hseybidgzd8n8J5Bs0=,200,0,79n7kjGj4f5IgYHHsn/1vM48wtups6ZgzthW+tZS+Sg=,4745,7.77,1,4,2017-09-05T15:38:17.984Z,14
1,+h9wEzBQmKzSOxGE8SX8unXJ1Hseybidgzd8n8J5Bs0=,200,3,79n7kjGj4f5IgYHHsn/1vM48wtups6ZgzthW+tZS+Sg=,4738,18.18,1,2,2017-09-05T15:38:27.430Z,12
1,+h9wEzBQmKzSOxGE8SX8unXJ1Hseybidgzd8n8J5Bs0=,409,0,79n7kjGj4f5IgYHHsn/1vM48wtups6ZgzthW+tZS+Sg=,4746,10.62,1,4,2017-09-05T15:38:29.112Z,14
1,+h9wEzBQmKzSOxGE8SX8unXJ1Hseybidgzd8n8J5Bs0=,200,0,79n7kjGj4f5IgYHHsn/1vM48wtups6ZgzthW+tZS+Sg=,4746,7.03,1,4,2017-09-05T15:38:30.208Z,14
1,+h9wEzBQmKzSOxGE8SX8unXJ1Hseybidgzd8n8J5Bs0=,200,6,79n7kjGj4f5IgYHHsn/1vM48wtups6ZgzthW+tZS+Sg=,4709,15.59,1,1,2017-09-05T15:38:35.053Z,11
1,+h9wEzBQmKzSOxGE8SX8unXJ1Hseybidgzd8n8J5Bs0=,200,2,79n7kjGj4f5IgYHHsn/1vM48wtups6ZgzthW+tZS+Sg=,4738,12.93,1,2,2017-09-05T15:38:53.380Z,12
1,+h9wEzBQmKzSOxGE8SX8unXJ1Hseybidgzd8n8J5Bs0=,200,5,79n7kjGj4f5IgYHHsn/1vM48wtups6ZgzthW+tZS+Sg=,4709,35.83,1,1,2017-09-05T15:39:01.443Z,11
1,+h9wEzBQmKzSOxGE8SX8unXJ1Hseybidgzd8n8J5Bs0=,200,2,79n7kjGj4f5IgYHHsn/1vM48wtups6ZgzthW+tZS+Sg=,4738,15.0,1,2,2017-09-05T15:39:08.245Z,12
1,+h9wEzBQmKzSOxGE8SX8unXJ1Hseybidgzd8n8J5Bs0=,200,0,79n7kjGj4f5IgYHHsn/1vM48wtups6ZgzthW+tZS+Sg=,4747,18.16,1,3,2017-09-05T15:39:27.223Z,13
1,+h9wEzBQmKzSOxGE8SX8unXJ1Hseybidgzd8n8J5Bs0=,200,0,79n7kjGj4f5IgYHHsn/1vM48wtups6ZgzthW+tZS+Sg=,4748,11.02,1,3,2017-09-05T15:39:28.867Z,13
1,+h9wEzBQmKzSOxGE8SX8unXJ1Hseybidgzd8n8J5Bs0=,200,2,79n7kjGj4f5IgYHHsn/1vM48wtups6ZgzthW+tZS+Sg=,4738,32.57,1,2,2017-09-05T15:39:29.931Z,12
1,+h9wEzBQmKzSOxGE8SX8unXJ1Hseybidgzd8n8J5Bs0=,200,0,79n7kjGj4f5IgYHHsn/1vM48wtups6ZgzthW+tZS+Sg=,4749,14.54,1,3,2017-09-05T15:39:32.135Z,13
1,+h9wEzBQmKzSOxGE8SX8unXJ1Hseybidgzd8n8J5Bs0=,200,0,79n7kjGj4f5IgYHHsn/1vM48wtups6ZgzthW+tZS+Sg=,4750,13.96,1,4,2017-09-05T15:39:33.081Z,14
1,+h9wEzBQmKzSOxGE8SX8unXJ1Hseybidgzd8n8J5Bs0=,200,0,79n7kjGj4f5IgYHHsn/1vM48wtups6ZgzthW+tZS+Sg=,4751,10.2,1,4,2017-09-05T15:39:33.801Z,14
1,+h9wEzBQmKzSOxGE8SX8unXJ1Hseybidgzd8n8J5Bs0=,200,2,79n7kjGj4f5IgYHHsn/1vM48wtups6ZgzthW+tZS+Sg=,4738,26.63,1,2,2017-09-05T15:39:35.872Z,12
1,+h9wEzBQmKzSOxGE8SX8unXJ1Hseybidgzd8n8J5Bs0=,200,6,79n7kjGj4f5IgYHHsn/1vM48wtups6ZgzthW+tZS+Sg=,4709,18.78,1,1,2017-09-05T15:39:37.730Z,11
1,+h9wEzBQmKzSOxGE8SX8unXJ1Hseybidgzd8n8J5Bs0=,200,0,79n7kjGj4f5IgYHHsn/1vM48wtups6ZgzthW+tZS+Sg=,4752,9.42,1,4,2017-09-05T15:39:39.845Z,14
1,+h9wEzBQmKzSOxGE8SX8unXJ1Hseybidgzd8n8J5Bs0=,200,2,79n7kjGj4f5IgYHHsn/1vM48wtups6ZgzthW+tZS+Sg=,4738,13.81,1,2,2017-09-05T15:40:00.028Z,12
1,+h9wEzBQmKzSOxGE8SX8unXJ1Hseybidgzd8n8J5Bs0=,200,6,79n7kjGj4f5IgYHHsn/1vM48wtups6ZgzthW+tZS+Sg=,4709,43.84,1,1,2017-09-05T15:40:07.563Z,11
1,+h9wEzBQmKzSOxGE8SX8unXJ1Hseybidgzd8n8J5Bs0=,200,2,79n7kjGj4f5IgYHHsn/1vM48wtups6ZgzthW+tZS+Sg=,4738,14.0,1,2,2017-09-05T15:40:31.321Z,12
1,+h9wEzBQmKzSOxGE8SX8unXJ1Hseybidgzd8n8J5Bs0=,200,6,79n7kjGj4f5IgYHHsn/1vM48wtups6ZgzthW+tZS+Sg=,4709,20.24,1,1,2017-09-05T15:40:32.828Z,11
1,+h9wEzBQmKzSOxGE8SX8unXJ1Hseybidgzd8n8J5Bs0=,200,2,79n7kjGj4f5IgYHHsn/1vM48wtups6ZgzthW+tZS+Sg=,4738,14.38,1,2,2017-09-05T15:40:34.172Z,12
1,+h9wEzBQmKzSOxGE8SX8unXJ1Hseybidgzd8n8J5Bs0=,200,2,79n7kjGj4f5IgYHHsn/1vM48wtups6ZgzthW+tZS+Sg=,4738,30.01,1,2,2017-09-05T15:40:35.086Z,12
1,+h9wEzBQmKzSOxGE8SX8unXJ1Hseybidgzd8n8J5Bs0=,200,6,79n7kjGj4f5IgYHHsn/1vM48wtups6ZgzthW+tZS+Sg=,4709,42.46,1,1,2017-09-05T15:40:36.435Z,11
1,+h9wEzBQmKzSOxGE8SX8unXJ1Hseybidgzd8n8J5Bs0=,200,1,79n7kjGj4f5IgYHHsn/1vM48wtups6ZgzthW+tZS+Sg=,4753,18.04,1,3,2017-09-05T15:40:44.232Z,13
1,+h9wEzBQmKzSOxGE8SX8unXJ1Hseybidgzd8n8J5Bs0=,200,0,79n7kjGj4f5IgYHHsn/1vM48wtups6ZgzthW+tZS+Sg=,4753,11.87,1,3,2017-09-05T15:40:51.599Z,13
1,+h9wEzBQmKzSOxGE8SX8unXJ1Hseybidgzd8n8J5Bs0=,200,2,79n7kjGj4f5IgYHHsn/1vM48wtups6ZgzthW+tZS+Sg=,4738,32.2,1,2,2017-09-05T15:41:05.406Z,12
1,+h9wEzBQmKzSOxGE8SX8unXJ1Hseybidgzd8n8J5Bs0=,200,0,79n7kjGj4f5IgYHHsn/1vM48wtups6ZgzthW+tZS+Sg=,4754,13.09,1,4,2017-09-05T15:41:07.866Z,14
1,+h9wEzBQmKzSOxGE8SX8unXJ1Hseybidgzd8n8J5Bs0=,200,2,79n7kjGj4f5IgYHHsn/1vM48wtups6ZgzthW+tZS+Sg=,4738,26.74,1,2,2017-09-05T15:41:09.556Z,12
1,+h9wEzBQmKzSOxGE8SX8unXJ1Hseybidgzd8n8J5Bs0=,200,0,79n7kjGj4f5IgYHHsn/1vM48wtups6ZgzthW+tZS+Sg=,4755,19.88,1,3,2017-09-05T15:41:13.262Z,13
1,+h9wEzBQmKzSOxGE8SX8unXJ1Hseybidgzd8n8J5Bs0=,200,1,79n7kjGj4f5IgYHHsn/1vM48wtups6ZgzthW+tZS+Sg=,4738,24.07,1,2,2017-09-05T15:41:23.786Z,12
1,+h9wEzBQmKzSOxGE8SX8unXJ1Hseybidgzd8n8J5Bs0=,200,0,79n7kjGj4f5IgYHHsn/1vM48wtups6ZgzthW+tZS+Sg=,4756,8.32,1,4,2017-09-05T15:41:24.129Z,14
1,+h9wEzBQmKzSOxGE8SX8unXJ1Hseybidgzd8n8J5Bs0=,200,1,79n7kjGj4f5IgYHHsn/1vM48wtups6ZgzthW+tZS+Sg=,4738,20.26,1,2,2017-09-05T15:41:36.752Z,12
1,+h9wEzBQmKzSOxGE8SX8unXJ1Hseybidgzd8n8J5Bs0=,200,0,79n7kjGj4f5IgYHHsn/1vM48wtups6ZgzthW+tZS+Sg=,4757,17.97,1,3,2017-09-05T15:41:37.226Z,13
1,+h9wEzBQmKzSOxGE8SX8unXJ1Hseybidgzd8n8J5Bs0=,200,0,79n7kjGj4f5IgYHHsn/1vM48wtups6ZgzthW+tZS+Sg=,4758,8.38,1,4,2017-09-05T15:41:38.926Z,14
1,+h9wEzBQmKzSOxGE8SX8unXJ1Hseybidgzd8n8J5Bs0=,200,0,79n7kjGj4f5IgYHHsn/1vM48wtups6ZgzthW+tZS+Sg=,4759,17.2,1,3,2017-09-05T15:41:48.332Z,13
1,+h9wEzBQmKzSOxGE8SX8unXJ1Hseybidgzd8n8J5Bs0=,200,6,79n7kjGj4f5IgYHHsn/1vM48wtups6ZgzthW+tZS+Sg=,4709,34.77,1,1,2017-09-05T15:41:49.269Z,11
1,+h9wEzBQmKzSOxGE8SX8unXJ1Hseybidgzd8n8J5Bs0=,200,0,79n7kjGj4f5IgYHHsn/1vM48wtups6ZgzthW+tZS+Sg=,4760,8.21,1,4,2017-09-05T15:41:58.571Z,14
1,+h9wEzBQmKzSOxGE8SX8unXJ1Hseybidgzd8n8J5Bs0=,200,0,79n7kjGj4f5IgYHHsn/1vM48wtups6ZgzthW+tZS+Sg=,4761,20.47,1,3,2017-09-05T15:42:12.022Z,13
1,+h9wEzBQmKzSOxGE8SX8unXJ1Hseybidgzd8n8J5Bs0=,200,0,79n7kjGj4f5IgYHHsn/1vM48wtups6ZgzthW+tZS+Sg=,4762,18.99,1,3,2017-09-05T15:42:18.323Z,13
1,+h9wEzBQmKzSOxGE8SX8unXJ1Hseybidgzd8n8J5Bs0=,200,6,79n7kjGj4f5IgYHHsn/1vM48wtups6ZgzthW+tZS+Sg=,4709,20.75,1,1,2017-09-05T15:42:22.900Z,11
1,+h9wEzBQmKzSOxGE8SX8unXJ1Hseybidgzd8n8J5Bs0=,200,1,79n7kjGj4f5IgYHHsn/1vM48wtups6ZgzthW+tZS+Sg=,4763,9.3,1,4,2017-09-05T15:42:24.106Z,14
1,+h9wEzBQmKzSOxGE8SX8unXJ1Hseybidgzd8n8J5Bs0=,200,1,79n7kjGj4f5IgYHHsn/1vM48wtups6ZgzthW+tZS+Sg=,4738,30.37,1,2,2017-09-05T15:42:40.175Z,12
1,+h9wEzBQmKzSOxGE8SX8unXJ1Hseybidgzd8n8J5Bs0=,200,6,79n7kjGj4f5IgYHHsn/1vM48wtups6ZgzthW+tZS+Sg=,4709,35.29,1,1,2017-09-05T15:42:49.017Z,11
1,+h9wEzBQmKzSOxGE8SX8unXJ1Hseybidgzd8n8J5Bs0=,200,1,79n7kjGj4f5IgYHHsn/1vM48wtups6ZgzthW+tZS+Sg=,4763,16.66,1,4,2017-09-05T15:42:52.560Z,14
1,+h9wEzBQmKzSOxGE8SX8unXJ1Hseybidgzd8n8J5Bs0=,200,0,79n7kjGj4f5IgYHHsn/1vM48wtups6ZgzthW+tZS+Sg=,4763,11.31,1,4,2017-09-05T15:42:54.289Z,14
1,+h9wEzBQmKzSOxGE8SX8unXJ1Hseybidgzd8n8J5Bs0=,200,7,79n7kjGj4f5IgYHHsn/1vM48wtups6ZgzthW+tZS+Sg=,4709,21.53,1,1,2017-09-05T15:42:55.808Z,11
1,+h9wEzBQmKzSOxGE8SX8unXJ1Hseybidgzd8n8J5Bs0=,200,0,79n7kjGj4f5IgYHHsn/1vM48wtups6ZgzthW+tZS+Sg=,4764,23.76,1,3,2017-09-05T15:43:15.082Z,13
1,+h9wEzBQmKzSOxGE8SX8unXJ1Hseybidgzd8n8J5Bs0=,200,6,79n7kjGj4f5IgYHHsn/1vM48wtups6ZgzthW+tZS+Sg=,4709,44.9,1,1,2017-09-05T15:43:19.129Z,11
1,+h9wEzBQmKzSOxGE8SX8unXJ1Hseybidgzd8n8J5Bs0=,200,1,79n7kjGj4f5IgYHHsn/1vM48wtups6ZgzthW+tZS+Sg=,4738,22.11,1,2,2017-09-05T15:43:29.067Z,12
1,+h9wEzBQmKzSOxGE8SX8unXJ1Hseybidgzd8n8J5Bs0=,200,0,79n7kjGj4f5IgYHHsn/1vM48wtups6ZgzthW+tZS+Sg=,4738,22.11,1,2,2017-09-05T15:43:29.517Z,12
1,+h9wEzBQmKzSOxGE8SX8unXJ1Hseybidgzd8n8J5Bs0=,200,7,79n7kjGj4f5IgYHHsn/1vM48wtups6ZgzthW+tZS+Sg=,4709,16.37,1,1,2017-09-05T15:43:32.346Z,11
1,+h9wEzBQmKzSOxGE8SX8unXJ1Hseybidgzd8n8J5Bs0=,200,8,79n7kjGj4f5IgYHHsn/1vM48wtups6ZgzthW+tZS+Sg=,4709,36.63,1,1,2017-09-05T15:43:38.396Z,11
1,+h9wEzBQmKzSOxGE8SX8unXJ1Hseybidgzd8n8J5Bs0=,200,0,79n7kjGj4f5IgYHHsn/1vM48wtups6ZgzthW+tZS+Sg=,4765,20.42,1,2,2017-09-05T15:44:08.141Z,12
1,+h9wEzBQmKzSOxGE8SX8unXJ1Hseybidgzd8n8J5Bs0=,200,8,79n7kjGj4f5IgYHHsn/1vM48wtups6ZgzthW+tZS+Sg=,4709,35.54,1,1,2017-09-05T15:44:34.733Z,11
1,+h9wEzBQmKzSOxGE8SX8unXJ1Hseybidgzd8n8J5Bs0=,200,0,79n7kjGj4f5IgYHHsn/1vM48wtups6ZgzthW+tZS+Sg=,4766,34.77,1,2,2017-09-05T15:44:43.275Z,12
1,+h9wEzBQmKzSOxGE8SX8unXJ1Hseybidgzd8n8J5Bs0=,200,0,79n7kjGj4f5IgYHHsn/1vM48wtups6ZgzthW+tZS+Sg=,4767,16.3,1,2,2017-09-05T15:45:26.829Z,12
1,+h9wEzBQmKzSOxGE8SX8unXJ1Hseybidgzd8n8J5Bs0=,200,0,79n7kjGj4f5IgYHHsn/1vM48wtups6ZgzthW+tZS+Sg=,4768,8.04,1,4,2017-09-05T15:45:28.338Z,14
1,+h9wEzBQmKzSOxGE8SX8unXJ1Hseybidgzd8n8J5Bs0=,200,9,79n7kjGj4f5IgYHHsn/1vM48wtups6ZgzthW+tZS+Sg=,4709,30.66,1,1,2017-09-05T15:45:47.245Z,11
1,+h9wEzBQmKzSOxGE8SX8unXJ1Hseybidgzd8n8J5Bs0=,200,8,79n7kjGj4f5IgYHHsn/1vM48wtups6ZgzthW+tZS+Sg=,4709,21.71,1,1,2017-09-05T15:45:50.128Z,11
1,+h9wEzBQmKzSOxGE8SX8unXJ1Hseybidgzd8n8J5Bs0=,200,0,79n7kjGj4f5IgYHHsn/1vM48wtups6ZgzthW+tZS+Sg=,4769,15.17,1,4,2017-09-05T15:45:50.594Z,14
1,+h9wEzBQmKzSOxGE8SX8unXJ1Hseybidgzd8n8J5Bs0=,200,8,79n7kjGj4f5IgYHHsn/1vM48wtups6ZgzthW+tZS+Sg=,4709,25.96,1,1,2017-09-05T15:45:51.327Z,11
1,+h9wEzBQmKzSOxGE8SX8unXJ1Hseybidgzd8n8J5Bs0=,200,7,79n7kjGj4f5IgYHHsn/1vM48wtups6ZgzthW+tZS+Sg=,4709,31.53,1,1,2017-09-05T15:45:53.760Z,11
1,+h9wEzBQmKzSOxGE8SX8unXJ1Hseybidgzd8n8J5Bs0=,200,6,79n7kjGj4f5IgYHHsn/1vM48wtups6ZgzthW+tZS+Sg=,4709,15.26,1,1,2017-09-05T15:46:03.151Z,11
1,+h9wEzBQmKzSOxGE8SX8unXJ1Hseybidgzd8n8J5Bs0=,200,0,79n7kjGj4f5IgYHHsn/1vM48wtups6ZgzthW+tZS+Sg=,4771,7.16,1,4,2017-09-05T15:46:06.867Z,14
1,+h9wEzBQmKzSOxGE8SX8unXJ1Hseybidgzd8n8J5Bs0=,200,0,79n7kjGj4f5IgYHHsn/1vM48wtups6ZgzthW+tZS+Sg=,4772,13.46,1,3,2017-09-05T15:46:17.386Z,13
1,+h9wEzBQmKzSOxGE8SX8unXJ1Hseybidgzd8n8J5Bs0=,200,6,79n7kjGj4f5IgYHHsn/1vM48wtups6ZgzthW+tZS+Sg=,4709,24.16,1,1,2017-09-05T15:46:35.916Z,11
1,+h9wEzBQmKzSOxGE8SX8unXJ1Hseybidgzd8n8J5Bs0=,200,3,79n7kjGj4f5IgYHHsn/1vM48wtups6ZgzthW+tZS+Sg=,4770,28.13,1,2,2017-09-05T15:46:40.037Z,12
1,+h9wEzBQmKzSOxGE8SX8unXJ1Hseybidgzd8n8J5Bs0=,200,5,79n7kjGj4f5IgYHHsn/1vM48wtups6ZgzthW+tZS+Sg=,4709,21.09,1,1,2017-09-05T15:46:40.544Z,11
1,+h9wEzBQmKzSOxGE8SX8unXJ1Hseybidgzd8n8J5Bs0=,200,0,79n7kjGj4f5IgYHHsn/1vM48wtups6ZgzthW+tZS+Sg=,4773,14.89,1,3,2017-09-05T15:46:42.921Z,13
1,+h9wEzBQmKzSOxGE8SX8unXJ1Hseybidgzd8n8J5Bs0=,200,2,79n7kjGj4f5IgYHHsn/1vM48wtups6ZgzthW+tZS+Sg=,4770,13.54,1,2,2017-09-05T15:46:47.445Z,12
1,+h9wEzBQmKzSOxGE8SX8unXJ1Hseybidgzd8n8J5Bs0=,200,1,79n7kjGj4f5IgYHHsn/1vM48wtups6ZgzthW+tZS+Sg=,4774,9.49,1,4,2017-09-05T15:47:01.483Z,14
1,+h9wEzBQmKzSOxGE8SX8unXJ1Hseybidgzd8n8J5Bs0=,200,5,79n7kjGj4f5IgYHHsn/1vM48wtups6ZgzthW+tZS+Sg=,4709,38.26,1,1,2017-09-05T15:47:09.138Z,11
1,+h9wEzBQmKzSOxGE8SX8unXJ1Hseybidgzd8n8J5Bs0=,200,1,79n7kjGj4f5IgYHHsn/1vM48wtups6ZgzthW+tZS+Sg=,4770,29.29,1,2,2017-09-05T15:47:19.974Z,12
1,+h9wEzBQmKzSOxGE8SX8unXJ1Hseybidgzd8n8J5Bs0=,200,1,79n7kjGj4f5IgYHHsn/1vM48wtups6ZgzthW+tZS+Sg=,4774,10.9,1,4,2017-09-05T15:47:22.109Z,14
1,+h9wEzBQmKzSOxGE8SX8unXJ1Hseybidgzd8n8J5Bs0=,200,0,79n7kjGj4f5IgYHHsn/1vM48wtups6ZgzthW+tZS+Sg=,4774,6.82,1,4,2017-09-05T15:47:26.797Z,14
1,+h9wEzBQmKzSOxGE8SX8unXJ1Hseybidgzd8n8J5Bs0=,200,2,79n7kjGj4f5IgYHHsn/1vM48wtups6ZgzthW+tZS+Sg=,4770,15.03,1,2,2017-09-05T15:47:50.624Z,12
1,+h9wEzBQmKzSOxGE8SX8unXJ1Hseybidgzd8n8J5Bs0=,200,0,79n7kjGj4f5IgYHHsn/1vM48wtups6ZgzthW+tZS+Sg=,4775,7.1,1,4,2017-09-05T15:47:52.410Z,14
1,+h9wEzBQmKzSOxGE8SX8unXJ1Hseybidgzd8n8J5Bs0=,200,6,79n7kjGj4f5IgYHHsn/1vM48wtups6ZgzthW+tZS+Sg=,4709,39.23,1,1,2017-09-05T15:48:07.761Z,11
1,+h9wEzBQmKzSOxGE8SX8unXJ1Hseybidgzd8n8J5Bs0=,200,0,79n7kjGj4f5IgYHHsn/1vM48wtups6ZgzthW+tZS+Sg=,4776,14.08,1,4,2017-09-05T15:48:21.813Z,14
1,+h9wEzBQmKzSOxGE8SX8unXJ1Hseybidgzd8n8J5Bs0=,200,5,79n7kjGj4f5IgYHHsn/1vM48wtups6ZgzthW+tZS+Sg=,4709,18.95,1,1,2017-09-05T15:48:35.053Z,11
1,+h9wEzBQmKzSOxGE8SX8unXJ1Hseybidgzd8n8J5Bs0=,200,5,79n7kjGj4f5IgYHHsn/1vM48wtups6ZgzthW+tZS+Sg=,4709,21.2,1,1,2017-09-05T15:48:45.172Z,11
1,+h9wEzBQmKzSOxGE8SX8unXJ1Hseybidgzd8n8J5Bs0=,200,0,79n7kjGj4f5IgYHHsn/1vM48wtups6ZgzthW+tZS+Sg=,4777,11.77,1,4,2017-09-05T15:48:48.682Z,14
1,+h9wEzBQmKzSOxGE8SX8unXJ1Hseybidgzd8n8J5Bs0=,200,0,79n7kjGj4f5IgYHHsn/1vM48wtups6ZgzthW+tZS+Sg=,4778,11.54,1,4,2017-09-05T15:48:51.169Z,14
1,+h9wEzBQmKzSOxGE8SX8unXJ1Hseybidgzd8n8J5Bs0=,200,3,79n7kjGj4f5IgYHHsn/1vM48wtups6ZgzthW+tZS+Sg=,4770,22.12,1,2,2017-09-05T15:48:55.654Z,12
1,+h9wEzBQmKzSOxGE8SX8unXJ1Hseybidgzd8n8J5Bs0=,200,0,79n7kjGj4f5IgYHHsn/1vM48wtups6ZgzthW+tZS+Sg=,4779,12.57,1,4,2017-09-05T15:48:57.967Z,14
1,+h9wEzBQmKzSOxGE8SX8unXJ1Hseybidgzd8n8J5Bs0=,200,5,79n7kjGj4f5IgYHHsn/1vM48wtups6ZgzthW+tZS+Sg=,4709,34.44,1,1,2017-09-05T15:49:11.125Z,11
1,+h9wEzBQmKzSOxGE8SX8unXJ1Hseybidgzd8n8J5Bs0=,200,0,79n7kjGj4f5IgYHHsn/1vM48wtups6ZgzthW+tZS+Sg=,4780,18.37,1,3,2017-09-05T15:49:12.381Z,13
1,+h9wEzBQmKzSOxGE8SX8unXJ1Hseybidgzd8n8J5Bs0=,200,5,79n7kjGj4f5IgYHHsn/1vM48wtups6ZgzthW+tZS+Sg=,4709,33.44,1,1,2017-09-05T15:49:19.268Z,11
1,+h9wEzBQmKzSOxGE8SX8unXJ1Hseybidgzd8n8J5Bs0=,200,1,79n7kjGj4f5IgYHHsn/1vM48wtups6ZgzthW+tZS+Sg=,4781,17.83,1,4,2017-09-05T15:49:23.070Z,14
1,+h9wEzBQmKzSOxGE8SX8unXJ1Hseybidgzd8n8J5Bs0=,200,4,79n7kjGj4f5IgYHHsn/1vM48wtups6ZgzthW+tZS+Sg=,4709,35.57,1,1,2017-09-05T15:49:24.872Z,11
1,+h9wEzBQmKzSOxGE8SX8unXJ1Hseybidgzd8n8J5Bs0=,200,0,79n7kjGj4f5IgYHHsn/1vM48wtups6ZgzthW+tZS+Sg=,4781,16.53,1,4,2017-09-05T15:49:27.773Z,14
1,+h9wEzBQmKzSOxGE8SX8unXJ1Hseybidgzd8n8J5Bs0=,200,0,79n7kjGj4f5IgYHHsn/1vM48wtups6ZgzthW+tZS+Sg=,4782,7.57,1,4,2017-09-05T15:49:28.705Z,14
1,+h9wEzBQmKzSOxGE8SX8unXJ1Hseybidgzd8n8J5Bs0=,200,0,79n7kjGj4f5IgYHHsn/1vM48wtups6ZgzthW+tZS+Sg=,4783,24.36,1,3,2017-09-05T15:49:32.601Z,13
1,+h9wEzBQmKzSOxGE8SX8unXJ1Hseybidgzd8n8J5Bs0=,200,0,79n7kjGj4f5IgYHHsn/1vM48wtups6ZgzthW+tZS+Sg=,4784,9.4,1,4,2017-09-05T15:49:41.118Z,14
1,+h9wEzBQmKzSOxGE8SX8unXJ1Hseybidgzd8n8J5Bs0=,200,5,79n7kjGj4f5IgYHHsn/1vM48wtups6ZgzthW+tZS+Sg=,4770,35.63,1,2,2017-09-05T15:49:48.037Z,12
1,+h9wEzBQmKzSOxGE8SX8unXJ1Hseybidgzd8n8J5Bs0=,200,5,79n7kjGj4f5IgYHHsn/1vM48wtups6ZgzthW+tZS+Sg=,4770,33.82,1,2,2017-09-05T15:50:02.419Z,12
1,+h9wEzBQmKzSOxGE8SX8unXJ1Hseybidgzd8n8J5Bs0=,200,0,79n7kjGj4f5IgYHHsn/1vM48wtups6ZgzthW+tZS+Sg=,4785,10.73,1,3,2017-09-05T15:50:05.754Z,13
1,+h9wEzBQmKzSOxGE8SX8unXJ1Hseybidgzd8n8J5Bs0=,200,3,79n7kjGj4f5IgYHHsn/1vM48wtups6ZgzthW+tZS+Sg=,4709,41.61,1,1,2017-09-05T15:50:30.848Z,11
1,+h9wEzBQmKzSOxGE8SX8unXJ1Hseybidgzd8n8J5Bs0=,200,2,79n7kjGj4f5IgYHHsn/1vM48wtups6ZgzthW+tZS+Sg=,4709,19.13,1,1,2017-09-05T15:50:36.484Z,11
1,+h9wEzBQmKzSOxGE8SX8unXJ1Hseybidgzd8n8J5Bs0=,200,0,79n7kjGj4f5IgYHHsn/1vM48wtups6ZgzthW+tZS+Sg=,4786,12.78,1,4,2017-09-05T15:50:47.219Z,14
1,+h9wEzBQmKzSOxGE8SX8unXJ1Hseybidgzd8n8J5Bs0=,200,0,79n7kjGj4f5IgYHHsn/1vM48wtups6ZgzthW+tZS+Sg=,4786,7.79,1,4,2017-09-05T15:50:55.528Z,14
1,+h9wEzBQmKzSOxGE8SX8unXJ1Hseybidgzd8n8J5Bs0=,200,2,79n7kjGj4f5IgYHHsn/1vM48wtups6ZgzthW+tZS+Sg=,4709,33.68,1,1,2017-09-05T15:51:01.894Z,11
1,+h9wEzBQmKzSOxGE8SX8unXJ1Hseybidgzd8n8J5Bs0=,200,1,79n7kjGj4f5IgYHHsn/1vM48wtups6ZgzthW+tZS+Sg=,4787,7.56,1,4,2017-09-05T15:51:08.939Z,14
1,+h9wEzBQmKzSOxGE8SX8unXJ1Hseybidgzd8n8J5Bs0=,200,5,79n7kjGj4f5IgYHHsn/1vM48wtups6ZgzthW+tZS+Sg=,4770,15.53,1,2,2017-09-05T15:51:14.495Z,12
1,+h9wEzBQmKzSOxGE8SX8unXJ1Hseybidgzd8n8J5Bs0=,200,4,79n7kjGj4f5IgYHHsn/1vM48wtups6ZgzthW+tZS+Sg=,4770,31.18,1,2,2017-09-05T15:51:17.190Z,12
1,+h9wEzBQmKzSOxGE8SX8unXJ1Hseybidgzd8n8J5Bs0=,200,3,79n7kjGj4f5IgYHHsn/1vM48wtups6ZgzthW+tZS+Sg=,4709,17.35,1,1,2017-09-05T15:51:22.108Z,11
1,+h9wEzBQmKzSOxGE8SX8unXJ1Hseybidgzd8n8J5Bs0=,200,1,79n7kjGj4f5IgYHHsn/1vM48wtups6ZgzthW+tZS+Sg=,4787,15.38,1,4,2017-09-05T15:51:27.782Z,14
1,+h9wEzBQmKzSOxGE8SX8unXJ1Hseybidgzd8n8J5Bs0=,200,0,79n7kjGj4f5IgYHHsn/1vM48wtups6ZgzthW+tZS+Sg=,4787,7.42,1,4,2017-09-05T15:51:34.927Z,14
1,+h9wEzBQmKzSOxGE8SX8unXJ1Hseybidgzd8n8J5Bs0=,200,0,79n7kjGj4f5IgYHHsn/1vM48wtups6ZgzthW+tZS+Sg=,4788,11.33,1,3,2017-09-05T15:51:36.434Z,13
1,+h9wEzBQmKzSOxGE8SX8unXJ1Hseybidgzd8n8J5Bs0=,200,5,79n7kjGj4f5IgYHHsn/1vM48wtups6ZgzthW+tZS+Sg=,4770,12.99,1,2,2017-09-05T15:51:40.772Z,12
1,+h9wEzBQmKzSOxGE8SX8unXJ1Hseybidgzd8n8J5Bs0=,200,3,79n7kjGj4f5IgYHHsn/1vM48wtups6ZgzthW+tZS+Sg=,4709,30.06,1,1,2017-09-05T15:51:44.665Z,11
1,+h9wEzBQmKzSOxGE8SX8unXJ1Hseybidgzd8n8J5Bs0=,200,0,79n7kjGj4f5IgYHHsn/1vM48wtups6ZgzthW+tZS+Sg=,4789,12.94,1,4,2017-09-05T15:51:47.685Z,14
1,+h9wEzBQmKzSOxGE8SX8unXJ1Hseybidgzd8n8J5Bs0=,200,4,79n7kjGj4f5IgYHHsn/1vM48wtups6ZgzthW+tZS+Sg=,4770,12.64,1,2,2017-09-05T15:51:53.819Z,12
1,+h9wEzBQmKzSOxGE8SX8unXJ1Hseybidgzd8n8J5Bs0=,200,3,79n7kjGj4f5IgYHHsn/1vM48wtups6ZgzthW+tZS+Sg=,4770,27.86,1,2,2017-09-05T15:51:55.026Z,12
1,+h9wEzBQmKzSOxGE8SX8unXJ1Hseybidgzd8n8J5Bs0=,200,2,79n7kjGj4f5IgYHHsn/1vM48wtups6ZgzthW+tZS+Sg=,4770,12.29,1,2,2017-09-05T15:52:12.654Z,12
1,+h9wEzBQmKzSOxGE8SX8unXJ1Hseybidgzd8n8J5Bs0=,200,2,79n7kjGj4f5IgYHHsn/1vM48wtups6ZgzthW+tZS+Sg=,4770,22.14,1,2,2017-09-05T15:52:18.104Z,12
1,+h9wEzBQmKzSOxGE8SX8unXJ1Hseybidgzd8n8J5Bs0=,200,0,79n7kjGj4f5IgYHHsn/1vM48wtups6ZgzthW+tZS+Sg=,4790,16.09,1,3,2017-09-05T15:52:22.730Z,13
1,+h9wEzBQmKzSOxGE8SX8unXJ1Hseybidgzd8n8J5Bs0=,200,0,79n7kjGj4f5IgYHHsn/1vM48wtups6ZgzthW+tZS+Sg=,4791,7.79,1,4,2017-09-05T15:52:26.154Z,14
1,+h9wEzBQmKzSOxGE8SX8unXJ1Hseybidgzd8n8J5Bs0=,200,5,79n7kjGj4f5IgYHHsn/1vM48wtups6ZgzthW+tZS+Sg=,4709,33.02,1,1,2017-09-05T15:52:32.692Z,11
1,+h9wEzBQmKzSOxGE8SX8unXJ1Hseybidgzd8n8J5Bs0=,200,1,79n7kjGj4f5IgYHHsn/1vM48wtups6ZgzthW+tZS+Sg=,4792,11.42,1,4,2017-09-05T15:52:35.098Z,14
1,+h9wEzBQmKzSOxGE8SX8unXJ1Hseybidgzd8n8J5Bs0=,200,1,79n7kjGj4f5IgYHHsn/1vM48wtups6ZgzthW+tZS+Sg=,4792,8.77,1,4,2017-09-05T15:52:40.207Z,14
1,+h9wEzBQmKzSOxGE8SX8unXJ1Hseybidgzd8n8J5Bs0=,200,1,79n7kjGj4f5IgYHHsn/1vM48wtups6ZgzthW+tZS+Sg=,4792,7.77,1,4,2017-09-05T15:52:42.242Z,14
1,+h9wEzBQmKzSOxGE8SX8unXJ1Hseybidgzd8n8J5Bs0=,200,0,79n7kjGj4f5IgYHHsn/1vM48wtups6ZgzthW+tZS+Sg=,4792,9.01,1,4,2017-09-05T15:52:43.376Z,14
1,+h9wEzBQmKzSOxGE8SX8unXJ1Hseybidgzd8n8J5Bs0=,200,3,79n7kjGj4f5IgYHHsn/1vM48wtups6ZgzthW+tZS+Sg=,4770,17.61,1,2,2017-09-05T15:52:45.360Z,12
1,+h9wEzBQmKzSOxGE8SX8unXJ1Hseybidgzd8n8J5Bs0=,200,1,79n7kjGj4f5IgYHHsn/1vM48wtups6ZgzthW+tZS+Sg=,4793,20.73,1,3,2017-09-05T15:52:51.990Z,13
1,+h9wEzBQmKzSOxGE8SX8unXJ1Hseybidgzd8n8J5Bs0=,200,2,79n7kjGj4f5IgYHHsn/1vM48wtups6ZgzthW+tZS+Sg=,4770,35.53,1,2,2017-09-05T15:52:53.383Z,12
1,+h9wEzBQmKzSOxGE8SX8unXJ1Hseybidgzd8n8J5Bs0=,200,1,79n7kjGj4f5IgYHHsn/1vM48wtups6ZgzthW+tZS+Sg=,4770,15.76,1,2,2017-09-05T15:52:53.748Z,12
1,+h9wEzBQmKzSOxGE8SX8unXJ1Hseybidgzd8n8J5Bs0=,200,0,79n7kjGj4f5IgYHHsn/1vM48wtups6ZgzthW+tZS+Sg=,4794,7.91,1,4,2017-09-05T15:53:01.358Z,14
1,+h9wEzBQmKzSOxGE8SX8unXJ1Hseybidgzd8n8J5Bs0=,200,0,79n7kjGj4f5IgYHHsn/1vM48wtups6ZgzthW+tZS+Sg=,4795,12.14,1,4,2017-09-05T15:53:06.677Z,14
1,+h9wEzBQmKzSOxGE8SX8unXJ1Hseybidgzd8n8J5Bs0=,200,1,79n7kjGj4f5IgYHHsn/1vM48wtups6ZgzthW+tZS+Sg=,4793,11.69,1,3,2017-09-05T15:53:13.919Z,13
1,+h9wEzBQmKzSOxGE8SX8unXJ1Hseybidgzd8n8J5Bs0=,200,0,79n7kjGj4f5IgYHHsn/1vM48wtups6ZgzthW+tZS+Sg=,4796,9.23,1,4,2017-09-05T15:53:15.645Z,14
1,+h9wEzBQmKzSOxGE8SX8unXJ1Hseybidgzd8n8J5Bs0=,200,0,79n7kjGj4f5IgYHHsn/1vM48wtups6ZgzthW+tZS+Sg=,4793,23.29,1,3,2017-09-05T15:53:28.424Z,13
1,+h9wEzBQmKzSOxGE8SX8unXJ1Hseybidgzd8n8J5Bs0=,200,6,79n7kjGj4f5IgYHHsn/1vM48wtups6ZgzthW+tZS+Sg=,4709,35.86,1,1,2017-09-05T15:53:31.219Z,11
1,+h9wEzBQmKzSOxGE8SX8unXJ1Hseybidgzd8n8J5Bs0=,200,6,79n7kjGj4f5IgYHHsn/1vM48wtups6ZgzthW+tZS+Sg=,4709,22.87,1,1,2017-09-05T15:53:41.475Z,11
1,+h9wEzBQmKzSOxGE8SX8unXJ1Hseybidgzd8n8J5Bs0=,200,0,79n7kjGj4f5IgYHHsn/1vM48wtups6ZgzthW+tZS+Sg=,4797,10.19,1,4,2017-09-05T15:53:43.807Z,14
1,+h9wEzBQmKzSOxGE8SX8unXJ1Hseybidgzd8n8J5Bs0=,200,0,79n7kjGj4f5IgYHHsn/1vM48wtups6ZgzthW+tZS+Sg=,4798,21.5,1,3,2017-09-05T15:53:48.240Z,13
1,+h9wEzBQmKzSOxGE8SX8unXJ1Hseybidgzd8n8J5Bs0=,200,2,79n7kjGj4f5IgYHHsn/1vM48wtups6ZgzthW+tZS+Sg=,4770,26.82,1,2,2017-09-05T15:53:53.657Z,12
1,+h9wEzBQmKzSOxGE8SX8unXJ1Hseybidgzd8n8J5Bs0=,200,0,79n7kjGj4f5IgYHHsn/1vM48wtups6ZgzthW+tZS+Sg=,4799,7.75,1,4,2017-09-05T15:53:56.496Z,14
1,+h9wEzBQmKzSOxGE8SX8unXJ1Hseybidgzd8n8J5Bs0=,200,0,79n7kjGj4f5IgYHHsn/1vM48wtups6ZgzthW+tZS+Sg=,4800,11.23,1,4,2017-09-05T15:54:00.666Z,14
1,+h9wEzBQmKzSOxGE8SX8unXJ1Hseybidgzd8n8J5Bs0=,200,0,79n7kjGj4f5IgYHHsn/1vM48wtups6ZgzthW+tZS+Sg=,4801,10.57,1,4,2017-09-05T15:54:16.003Z,14
1,+h9wEzBQmKzSOxGE8SX8unXJ1Hseybidgzd8n8J5Bs0=,200,0,79n7kjGj4f5IgYHHsn/1vM48wtups6ZgzthW+tZS+Sg=,4802,13.57,1,3,2017-09-05T15:54:42.352Z,13
1,+h9wEzBQmKzSOxGE8SX8unXJ1Hseybidgzd8n8J5Bs0=,200,0,79n7kjGj4f5IgYHHsn/1vM48wtups6ZgzthW+tZS+Sg=,4803,7.95,1,4,2017-09-05T15:54:46.792Z,14
1,+h9wEzBQmKzSOxGE8SX8unXJ1Hseybidgzd8n8J5Bs0=,200,5,79n7kjGj4f5IgYHHsn/1vM48wtups6ZgzthW+tZS+Sg=,4709,17.6,1,1,2017-09-05T15:55:01.902Z,11
1,+h9wEzBQmKzSOxGE8SX8unXJ1Hseybidgzd8n8J5Bs0=,200,5,79n7kjGj4f5IgYHHsn/1vM48wtups6ZgzthW+tZS+Sg=,4709,21.0,1,1,2017-09-05T15:55:13.742Z,11
1,+h9wEzBQmKzSOxGE8SX8unXJ1Hseybidgzd8n8J5Bs0=,200,0,79n7kjGj4f5IgYHHsn/1vM48wtups6ZgzthW+tZS+Sg=,4804,9.51,1,4,2017-09-05T15:55:15.496Z,14
1,+h9wEzBQmKzSOxGE8SX8unXJ1Hseybidgzd8n8J5Bs0=,200,4,79n7kjGj4f5IgYHHsn/1vM48wtups6ZgzthW+tZS+Sg=,4709,15.51,1,1,2017-09-05T15:55:17.230Z,11
1,+h9wEzBQmKzSOxGE8SX8unXJ1Hseybidgzd8n8J5Bs0=,200,4,79n7kjGj4f5IgYHHsn/1vM48wtups6ZgzthW+tZS+Sg=,4770,15.66,1,2,2017-09-05T15:55:53.383Z,12
1,+h9wEzBQmKzSOxGE8SX8unXJ1Hseybidgzd8n8J5Bs0=,200,4,79n7kjGj4f5IgYHHsn/1vM48wtups6ZgzthW+tZS+Sg=,4709,15.54,1,1,2017-09-05T15:55:59.963Z,11
1,+h9wEzBQmKzSOxGE8SX8unXJ1Hseybidgzd8n8J5Bs0=,200,4,79n7kjGj4f5IgYHHsn/1vM48wtups6ZgzthW+tZS+Sg=,4770,18.43,1,2,2017-09-05T15:56:04.964Z,12
1,+h9wEzBQmKzSOxGE8SX8unXJ1Hseybidgzd8n8J5Bs0=,200,0,79n7kjGj4f5IgYHHsn/1vM48wtups6ZgzthW+tZS+Sg=,4805,13.16,1,4,2017-09-05T15:56:06.370Z,14
1,+h9wEzBQmKzSOxGE8SX8unXJ1Hseybidgzd8n8J5Bs0=,200,0,79n7kjGj4f5IgYHHsn/1vM48wtups6ZgzthW+tZS+Sg=,4806,10.09,1,3,2017-09-05T15:56:10.137Z,13
1,+h9wEzBQmKzSOxGE8SX8unXJ1Hseybidgzd8n8J5Bs0=,409,0,79n7kjGj4f5IgYHHsn/1vM48wtups6ZgzthW+tZS+Sg=,4709,23.28,1,1,2017-09-05T15:56:11.003Z,11
1,+h9wEzBQmKzSOxGE8SX8unXJ1Hseybidgzd8n8J5Bs0=,200,5,79n7kjGj4f5IgYHHsn/1vM48wtups6ZgzthW+tZS+Sg=,4770,34.32,1,2,2017-09-05T15:56:17.977Z,12
1,+h9wEzBQmKzSOxGE8SX8unXJ1Hseybidgzd8n8J5Bs0=,200,0,79n7kjGj4f5IgYHHsn/1vM48wtups6ZgzthW+tZS+Sg=,4807,25.85,1,3,2017-09-05T15:56:18.790Z,13
1,+h9wEzBQmKzSOxGE8SX8unXJ1Hseybidgzd8n8J5Bs0=,200,4,79n7kjGj4f5IgYHHsn/1vM48wtups6ZgzthW+tZS+Sg=,4709,26.44,1,1,2017-09-05T15:56:20.549Z,11
1,+h9wEzBQmKzSOxGE8SX8unXJ1Hseybidgzd8n8J5Bs0=,200,3,79n7kjGj4f5IgYHHsn/1vM48wtups6ZgzthW+tZS+Sg=,4709,33.12,1,1,2017-09-05T15:56:21.405Z,11
1,+h9wEzBQmKzSOxGE8SX8unXJ1Hseybidgzd8n8J5Bs0=,200,4,79n7kjGj4f5IgYHHsn/1vM48wtups6ZgzthW+tZS+Sg=,4770,24.28,1,2,2017-09-05T15:56:24.948Z,12
1,+h9wEzBQmKzSOxGE8SX8unXJ1Hseybidgzd8n8J5Bs0=,200,0,79n7kjGj4f5IgYHHsn/1vM48wtups6ZgzthW+tZS+Sg=,4808,9.88,1,4,2017-09-05T15:56:30.676Z,14
1,+h9wEzBQmKzSOxGE8SX8unXJ1Hseybidgzd8n8J5Bs0=,200,1,79n7kjGj4f5IgYHHsn/1vM48wtups6ZgzthW+tZS+Sg=,4809,20.99,1,3,2017-09-05T15:56:39.692Z,13
1,+h9wEzBQmKzSOxGE8SX8unXJ1Hseybidgzd8n8J5Bs0=,200,0,79n7kjGj4f5IgYHHsn/1vM48wtups6ZgzthW+tZS+Sg=,4809,14.9,1,3,2017-09-05T15:56:42.103Z,13
1,+h9wEzBQmKzSOxGE8SX8unXJ1Hseybidgzd8n8J5Bs0=,200,4,79n7kjGj4f5IgYHHsn/1vM48wtups6ZgzthW+tZS+Sg=,4770,13.62,1,2,2017-09-05T15:56:57.493Z,12
1,+h9wEzBQmKzSOxGE8SX8unXJ1Hseybidgzd8n8J5Bs0=,200,3,79n7kjGj4f5IgYHHsn/1vM48wtups6ZgzthW+tZS+Sg=,4770,13.36,1,2,2017-09-05T15:57:02.889Z,12
1,+h9wEzBQmKzSOxGE8SX8unXJ1Hseybidgzd8n8J5Bs0=,200,0,79n7kjGj4f5IgYHHsn/1vM48wtups6ZgzthW+tZS+Sg=,4810,10.77,1,3,2017-09-05T15:57:05.853Z,13
1,+h9wEzBQmKzSOxGE8SX8unXJ1Hseybidgzd8n8J5Bs0=,200,2,79n7kjGj4f5IgYHHsn/1vM48wtups6ZgzthW+tZS+Sg=,4770,31.55,1,2,2017-09-05T15:57:11.418Z,12
1,+h9wEzBQmKzSOxGE8SX8unXJ1Hseybidgzd8n8J5Bs0=,200,1,79n7kjGj4f5IgYHHsn/1vM48wtups6ZgzthW+tZS+Sg=,4811,15.74,1,3,2017-09-05T15:57:13.541Z,13
1,+h9wEzBQmKzSOxGE8SX8unXJ1Hseybidgzd8n8J5Bs0=,200,1,79n7kjGj4f5IgYHHsn/1vM48wtups6ZgzthW+tZS+Sg=,4811,10.99,1,3,2017-09-05T15:57:18.307Z,13
1,+h9wEzBQmKzSOxGE8SX8unXJ1Hseybidgzd8n8J5Bs0=,200,0,79n7kjGj4f5IgYHHsn/1vM48wtups6ZgzthW+tZS+Sg=,4811,10.99,1,3,2017-09-05T15:57:22.318Z,13
1,+h9wEzBQmKzSOxGE8SX8unXJ1Hseybidgzd8n8J5Bs0=,200,6,79n7kjGj4f5IgYHHsn/1vM48wtups6ZgzthW+tZS+Sg=,4709,44.34,1,1,2017-09-05T15:57:49.734Z,11
1,+h9wEzBQmKzSOxGE8SX8unXJ1Hseybidgzd8n8J5Bs0=,409,0,79n7kjGj4f5IgYHHsn/1vM48wtups6ZgzthW+tZS+Sg=,4770,13.55,1,2,2017-09-05T15:57:51.945Z,12
1,+h9wEzBQmKzSOxGE8SX8unXJ1Hseybidgzd8n8J5Bs0=,200,6,79n7kjGj4f5IgYHHsn/1vM48wtups6ZgzthW+tZS+Sg=,4709,22.49,1,1,2017-09-05T15:57:52.654Z,11
1,+h9wEzBQmKzSOxGE8SX8unXJ1Hseybidgzd8n8J5Bs0=,200,5,79n7kjGj4f5IgYHHsn/1vM48wtups6ZgzthW+tZS+Sg=,4709,23.18,1,1,2017-09-05T15:58:01.099Z,11
1,+h9wEzBQmKzSOxGE8SX8unXJ1Hseybidgzd8n8J5Bs0=,200,4,79n7kjGj4f5IgYHHsn/1vM48wtups6ZgzthW+tZS+Sg=,4709,44.21,1,1,2017-09-05T15:58:03.077Z,11
1,+h9wEzBQmKzSOxGE8SX8unXJ1Hseybidgzd8n8J5Bs0=,200,2,79n7kjGj4f5IgYHHsn/1vM48wtups6ZgzthW+tZS+Sg=,4812,22.09,1,3,2017-09-05T15:58:18.295Z,13
1,+h9wEzBQmKzSOxGE8SX8unXJ1Hseybidgzd8n8J5Bs0=,200,1,79n7kjGj4f5IgYHHsn/1vM48wtups6ZgzthW+tZS+Sg=,4812,11.55,1,3,2017-09-05T15:58:24.290Z,13
1,+h9wEzBQmKzSOxGE8SX8unXJ1Hseybidgzd8n8J5Bs0=,200,0,79n7kjGj4f5IgYHHsn/1vM48wtups6ZgzthW+tZS+Sg=,4812,11.55,1,3,2017-09-05T15:58:24.809Z,13
1,+h9wEzBQmKzSOxGE8SX8unXJ1Hseybidgzd8n8J5Bs0=,200,3,79n7kjGj4f5IgYHHsn/1vM48wtups6ZgzthW+tZS+Sg=,4709,34.29,1,1,2017-09-05T15:58:29.433Z,11
1,+h9wEzBQmKzSOxGE8SX8unXJ1Hseybidgzd8n8J5Bs0=,200,0,79n7kjGj4f5IgYHHsn/1vM48wtups6ZgzthW+tZS+Sg=,4813,13.56,1,4,2017-09-05T15:58:35.140Z,14
1,+h9wEzBQmKzSOxGE8SX8unXJ1Hseybidgzd8n8J5Bs0=,200,2,79n7kjGj4f5IgYHHsn/1vM48wtups6ZgzthW+tZS+Sg=,4709,34.29,1,1,2017-09-05T15:58:36.816Z,11
1,+h9wEzBQmKzSOxGE8SX8unXJ1Hseybidgzd8n8J5Bs0=,200,1,79n7kjGj4f5IgYHHsn/1vM48wtups6ZgzthW+tZS+Sg=,4709,16.41,1,1,2017-09-05T15:58:41.500Z,11
1,+h9wEzBQmKzSOxGE8SX8unXJ1Hseybidgzd8n8J5Bs0=,200,3,79n7kjGj4f5IgYHHsn/1vM48wtups6ZgzthW+tZS+Sg=,4770,12.65,1,2,2017-09-05T15:58:44.187Z,12
1,+h9wEzBQmKzSOxGE8SX8unXJ1Hseybidgzd8n8J5Bs0=,200,1,79n7kjGj4f5IgYHHsn/1vM48wtups6ZgzthW+tZS+Sg=,4814,12.81,1,3,2017-09-05T15:58:51.556Z,13
1,+h9wEzBQmKzSOxGE8SX8unXJ1Hseybidgzd8n8J5Bs0=,200,0,79n7kjGj4f5IgYHHsn/1vM48wtups6ZgzthW+tZS+Sg=,4815,11.36,1,4,2017-09-05T15:58:51.938Z,14
1,+h9wEzBQmKzSOxGE8SX8unXJ1Hseybidgzd8n8J5Bs0=,200,0,79n7kjGj4f5IgYHHsn/1vM48wtups6ZgzthW+tZS+Sg=,4816,17.36,1,4,2017-09-05T15:58:53.503Z,14
1,+h9wEzBQmKzSOxGE8SX8unXJ1Hseybidgzd8n8J5Bs0=,200,2,79n7kjGj4f5IgYHHsn/1vM48wtups6ZgzthW+tZS+Sg=,4709,23.28,1,1,2017-09-05T15:58:55.842Z,11
1,+h9wEzBQmKzSOxGE8SX8unXJ1Hseybidgzd8n8J5Bs0=,200,1,79n7kjGj4f5IgYHHsn/1vM48wtups6ZgzthW+tZS+Sg=,4709,20.51,1,1,2017-09-05T15:59:13.186Z,11
1,+h9wEzBQmKzSOxGE8SX8unXJ1Hseybidgzd8n8J5Bs0=,200,4,79n7kjGj4f5IgYHHsn/1vM48wtups6ZgzthW+tZS+Sg=,4770,19.33,1,2,2017-09-05T15:59:14.497Z,12
1,+h9wEzBQmKzSOxGE8SX8unXJ1Hseybidgzd8n8J5Bs0=,200,3,79n7kjGj4f5IgYHHsn/1vM48wtups6ZgzthW+tZS+Sg=,4770,29.87,1,2,2017-09-05T15:59:15.061Z,12
1,+h9wEzBQmKzSOxGE8SX8unXJ1Hseybidgzd8n8J5Bs0=,200,1,79n7kjGj4f5IgYHHsn/1vM48wtups6ZgzthW+tZS+Sg=,4817,6.82,1,4,2017-09-05T15:59:24.347Z,14
1,+h9wEzBQmKzSOxGE8SX8unXJ1Hseybidgzd8n8J5Bs0=,200,2,79n7kjGj4f5IgYHHsn/1vM48wtups6ZgzthW+tZS+Sg=,4814,16.96,1,3,2017-09-05T15:59:25.227Z,13
1,+h9wEzBQmKzSOxGE8SX8unXJ1Hseybidgzd8n8J5Bs0=,200,0,79n7kjGj4f5IgYHHsn/1vM48wtups6ZgzthW+tZS+Sg=,4709,27.92,1,1,2017-09-05T15:59:28.210Z,11
1,+h9wEzBQmKzSOxGE8SX8unXJ1Hseybidgzd8n8J5Bs0=,200,1,79n7kjGj4f5IgYHHsn/1vM48wtups6ZgzthW+tZS+Sg=,4814,10.69,1,3,2017-09-05T15:59:30.078Z,13
1,+h9wEzBQmKzSOxGE8SX8unXJ1Hseybidgzd8n8J5Bs0=,200,6,79n7kjGj4f5IgYHHsn/1vM48wtups6ZgzthW+tZS+Sg=,4770,16.61,1,2,2017-09-05T15:59:35.987Z,12
1,+h9wEzBQmKzSOxGE8SX8unXJ1Hseybidgzd8n8J5Bs0=,200,0,79n7kjGj4f5IgYHHsn/1vM48wtups6ZgzthW+tZS+Sg=,4817,11.35,1,4,2017-09-05T15:59:38.068Z,14
1,+h9wEzBQmKzSOxGE8SX8unXJ1Hseybidgzd8n8J5Bs0=,200,0,79n7kjGj4f5IgYHHsn/1vM48wtups6ZgzthW+tZS+Sg=,4814,26.35,1,3,2017-09-05T15:59:39.622Z,13
1,+h9wEzBQmKzSOxGE8SX8unXJ1Hseybidgzd8n8J5Bs0=,200,1,79n7kjGj4f5IgYHHsn/1vM48wtups6ZgzthW+tZS+Sg=,4818,35.84,1,1,2017-09-05T15:59:50.376Z,11
1,+h9wEzBQmKzSOxGE8SX8unXJ1Hseybidgzd8n8J5Bs0=,200,0,79n7kjGj4f5IgYHHsn/1vM48wtups6ZgzthW+tZS+Sg=,4818,35.84,1,1,2017-09-05T15:59:56.615Z,11
1,+h9wEzBQmKzSOxGE8SX8unXJ1Hseybidgzd8n8J5Bs0=,200,0,79n7kjGj4f5IgYHHsn/1vM48wtups6ZgzthW+tZS+Sg=,4819,11.07,1,4,2017-09-05T16:00:04.838Z,14
1,+h9wEzBQmKzSOxGE8SX8unXJ1Hseybidgzd8n8J5Bs0=,200,0,79n7kjGj4f5IgYHHsn/1vM48wtups6ZgzthW+tZS+Sg=,4820,19.95,1,3,2017-09-05T16:00:11.826Z,13
1,+h9wEzBQmKzSOxGE8SX8unXJ1Hseybidgzd8n8J5Bs0=,200,0,79n7kjGj4f5IgYHHsn/1vM48wtups6ZgzthW+tZS+Sg=,4821,21.46,1,3,2017-09-05T16:00:15.170Z,13
1,+h9wEzBQmKzSOxGE8SX8unXJ1Hseybidgzd8n8J5Bs0=,200,8,79n7kjGj4f5IgYHHsn/1vM48wtups6ZgzthW+tZS+Sg=,4770,29.71,1,2,2017-09-05T16:00:17.017Z,12
1,+h9wEzBQmKzSOxGE8SX8unXJ1Hseybidgzd8n8J5Bs0=,200,0,79n7kjGj4f5IgYHHsn/1vM48wtups6ZgzthW+tZS+Sg=,4822,18.61,1,3,2017-09-05T16:00:25.718Z,13
1,+h9wEzBQmKzSOxGE8SX8unXJ1Hseybidgzd8n8J5Bs0=,200,0,79n7kjGj4f5IgYHHsn/1vM48wtups6ZgzthW+tZS+Sg=,4823,14.2,1,4,2017-09-05T16:00:30.133Z,14
1,+h9wEzBQmKzSOxGE8SX8unXJ1Hseybidgzd8n8J5Bs0=,200,8,79n7kjGj4f5IgYHHsn/1vM48wtups6ZgzthW+tZS+Sg=,4770,34.97,1,2,2017-09-05T16:00:31.832Z,12
1,+h9wEzBQmKzSOxGE8SX8unXJ1Hseybidgzd8n8J5Bs0=,200,0,79n7kjGj4f5IgYHHsn/1vM48wtups6ZgzthW+tZS+Sg=,4824,9.66,1,3,2017-09-05T16:00:32.282Z,13
1,+h9wEzBQmKzSOxGE8SX8unXJ1Hseybidgzd8n8J5Bs0=,409,0,79n7kjGj4f5IgYHHsn/1vM48wtups6ZgzthW+tZS+Sg=,4825,12.25,1,4,2017-09-05T16:00:37.890Z,14
1,+h9wEzBQmKzSOxGE8SX8unXJ1Hseybidgzd8n8J5Bs0=,200,0,79n7kjGj4f5IgYHHsn/1vM48wtups6ZgzthW+tZS+Sg=,4825,8.46,1,4,2017-09-05T16:00:44.049Z,14
1,+h9wEzBQmKzSOxGE8SX8unXJ1Hseybidgzd8n8J5Bs0=,200,0,79n7kjGj4f5IgYHHsn/1vM48wtups6ZgzthW+tZS+Sg=,4826,19.28,1,1,2017-09-05T16:00:46.369Z,11
1,+h9wEzBQmKzSOxGE8SX8unXJ1Hseybidgzd8n8J5Bs0=,200,8,79n7kjGj4f5IgYHHsn/1vM48wtups6ZgzthW+tZS+Sg=,4770,29.87,1,2,2017-09-05T16:00:48.127Z,12
1,+h9wEzBQmKzSOxGE8SX8unXJ1Hseybidgzd8n8J5Bs0=,200,0,79n7kjGj4f5IgYHHsn/1vM48wtups6ZgzthW+tZS+Sg=,4828,17.78,1,4,2017-09-05T16:00:49.428Z,14
1,+h9wEzBQmKzSOxGE8SX8unXJ1Hseybidgzd8n8J5Bs0=,200,0,79n7kjGj4f5IgYHHsn/1vM48wtups6ZgzthW+tZS+Sg=,4827,21.42,1,3,2017-09-05T16:01:12.196Z,13
1,+h9wEzBQmKzSOxGE8SX8unXJ1Hseybidgzd8n8J5Bs0=,200,9,79n7kjGj4f5IgYHHsn/1vM48wtups6ZgzthW+tZS+Sg=,4770,25.38,1,2,2017-09-05T16:01:30.731Z,12
1,+h9wEzBQmKzSOxGE8SX8unXJ1Hseybidgzd8n8J5Bs0=,200,0,79n7kjGj4f5IgYHHsn/1vM48wtups6ZgzthW+tZS+Sg=,4829,8.75,1,4,2017-09-05T16:01:48.269Z,14
1,+h9wEzBQmKzSOxGE8SX8unXJ1Hseybidgzd8n8J5Bs0=,200,0,79n7kjGj4f5IgYHHsn/1vM48wtups6ZgzthW+tZS+Sg=,4830,14.43,1,3,2017-09-05T16:01:52.696Z,13
1,+h9wEzBQmKzSOxGE8SX8unXJ1Hseybidgzd8n8J5Bs0=,200,0,79n7kjGj4f5IgYHHsn/1vM48wtups6ZgzthW+tZS+Sg=,4831,9.43,1,4,2017-09-05T16:01:55.637Z,14
1,+h9wEzBQmKzSOxGE8SX8unXJ1Hseybidgzd8n8J5Bs0=,200,8,79n7kjGj4f5IgYHHsn/1vM48wtups6ZgzthW+tZS+Sg=,4770,13.17,1,2,2017-09-05T16:02:08.828Z,12
1,+h9wEzBQmKzSOxGE8SX8unXJ1Hseybidgzd8n8J5Bs0=,200,7,79n7kjGj4f5IgYHHsn/1vM48wtups6ZgzthW+tZS+Sg=,4770,14.61,1,2,2017-09-05T16:02:11.734Z,12
1,+h9wEzBQmKzSOxGE8SX8unXJ1Hseybidgzd8n8J5Bs0=,200,0,79n7kjGj4f5IgYHHsn/1vM48wtups6ZgzthW+tZS+Sg=,4833,10.17,1,3,2017-09-05T16:02:13.693Z,13
1,+h9wEzBQmKzSOxGE8SX8unXJ1Hseybidgzd8n8J5Bs0=,200,0,79n7kjGj4f5IgYHHsn/1vM48wtups6ZgzthW+tZS+Sg=,4834,11.07,1,3,2017-09-05T16:02:16.953Z,13
1,+h9wEzBQmKzSOxGE8SX8unXJ1Hseybidgzd8n8J5Bs0=,200,0,79n7kjGj4f5IgYHHsn/1vM48wtups6ZgzthW+tZS+Sg=,4835,7.87,1,4,2017-09-05T16:02:21.379Z,14
1,+h9wEzBQmKzSOxGE8SX8unXJ1Hseybidgzd8n8J5Bs0=,200,0,79n7kjGj4f5IgYHHsn/1vM48wtups6ZgzthW+tZS+Sg=,4836,6.87,1,4,2017-09-05T16:02:22.484Z,14
1,+h9wEzBQmKzSOxGE8SX8unXJ1Hseybidgzd8n8J5Bs0=,200,0,79n7kjGj4f5IgYHHsn/1vM48wtups6ZgzthW+tZS+Sg=,4837,13.89,1,4,2017-09-05T16:02:29.710Z,14
1,+h9wEzBQmKzSOxGE8SX8unXJ1Hseybidgzd8n8J5Bs0=,200,0,79n7kjGj4f5IgYHHsn/1vM48wtups6ZgzthW+tZS+Sg=,4832,33.04,1,1,2017-09-05T16:02:33.510Z,11
1,+h9wEzBQmKzSOxGE8SX8unXJ1Hseybidgzd8n8J5Bs0=,200,0,79n7kjGj4f5IgYHHsn/1vM48wtups6ZgzthW+tZS+Sg=,4838,9.87,1,3,2017-09-05T16:02:40.216Z,13
1,+h9wEzBQmKzSOxGE8SX8unXJ1Hseybidgzd8n8J5Bs0=,200,0,79n7kjGj4f5IgYHHsn/1vM48wtups6ZgzthW+tZS+Sg=,4840,11.31,1,3,2017-09-05T16:02:46.298Z,13
1,+h9wEzBQmKzSOxGE8SX8unXJ1Hseybidgzd8n8J5Bs0=,200,8,79n7kjGj4f5IgYHHsn/1vM48wtups6ZgzthW+tZS+Sg=,4770,13.84,1,2,2017-09-05T16:03:02.168Z,12
1,+h9wEzBQmKzSOxGE8SX8unXJ1Hseybidgzd8n8J5Bs0=,200,7,79n7kjGj4f5IgYHHsn/1vM48wtups6ZgzthW+tZS+Sg=,4770,31.69,1,2,2017-09-05T16:03:03.071Z,12
1,+h9wEzBQmKzSOxGE8SX8unXJ1Hseybidgzd8n8J5Bs0=,200,6,79n7kjGj4f5IgYHHsn/1vM48wtups6ZgzthW+tZS+Sg=,4770,12.93,1,2,2017-09-05T16:03:07.437Z,12
1,+h9wEzBQmKzSOxGE8SX8unXJ1Hseybidgzd8n8J5Bs0=,200,0,79n7kjGj4f5IgYHHsn/1vM48wtups6ZgzthW+tZS+Sg=,4841,18.25,1,3,2017-09-05T16:03:07.914Z,13
1,+h9wEzBQmKzSOxGE8SX8unXJ1Hseybidgzd8n8J5Bs0=,200,0,79n7kjGj4f5IgYHHsn/1vM48wtups6ZgzthW+tZS+Sg=,4843,10.18,1,3,2017-09-05T16:03:08.835Z,13
1,+h9wEzBQmKzSOxGE8SX8unXJ1Hseybidgzd8n8J5Bs0=,200,1,79n7kjGj4f5IgYHHsn/1vM48wtups6ZgzthW+tZS+Sg=,4842,12.86,1,4,2017-09-05T16:03:10.640Z,14
1,+h9wEzBQmKzSOxGE8SX8unXJ1Hseybidgzd8n8J5Bs0=,200,0,79n7kjGj4f5IgYHHsn/1vM48wtups6ZgzthW+tZS+Sg=,4842,9.19,1,4,2017-09-05T16:03:15.972Z,14
1,+h9wEzBQmKzSOxGE8SX8unXJ1Hseybidgzd8n8J5Bs0=,200,6,79n7kjGj4f5IgYHHsn/1vM48wtups6ZgzthW+tZS+Sg=,4770,17.48,1,2,2017-09-05T16:03:26.464Z,12
1,+h9wEzBQmKzSOxGE8SX8unXJ1Hseybidgzd8n8J5Bs0=,200,0,79n7kjGj4f5IgYHHsn/1vM48wtups6ZgzthW+tZS+Sg=,4844,16.95,1,4,2017-09-05T16:03:29.779Z,14
1,+h9wEzBQmKzSOxGE8SX8unXJ1Hseybidgzd8n8J5Bs0=,200,2,79n7kjGj4f5IgYHHsn/1vM48wtups6ZgzthW+tZS+Sg=,4839,31.29,1,1,2017-09-05T16:03:39.792Z,11
1,+h9wEzBQmKzSOxGE8SX8unXJ1Hseybidgzd8n8J5Bs0=,200,1,79n7kjGj4f5IgYHHsn/1vM48wtups6ZgzthW+tZS+Sg=,4839,15.68,1,1,2017-09-05T16:03:46.844Z,11
1,+h9wEzBQmKzSOxGE8SX8unXJ1Hseybidgzd8n8J5Bs0=,200,5,79n7kjGj4f5IgYHHsn/1vM48wtups6ZgzthW+tZS+Sg=,4770,13.52,1,2,2017-09-05T16:03:51.850Z,12
1,+h9wEzBQmKzSOxGE8SX8unXJ1Hseybidgzd8n8J5Bs0=,200,0,79n7kjGj4f5IgYHHsn/1vM48wtups6ZgzthW+tZS+Sg=,4839,43.49,1,1,2017-09-05T16:03:52.823Z,11
1,+h9wEzBQmKzSOxGE8SX8unXJ1Hseybidgzd8n8J5Bs0=,200,2,79n7kjGj4f5IgYHHsn/1vM48wtups6ZgzthW+tZS+Sg=,4845,14.14,1,3,2017-09-05T16:04:00.749Z,13
1,+h9wEzBQmKzSOxGE8SX8unXJ1Hseybidgzd8n8J5Bs0=,200,1,79n7kjGj4f5IgYHHsn/1vM48wtups6ZgzthW+tZS+Sg=,4845,16.27,1,3,2017-09-05T16:04:05.378Z,13
1,+h9wEzBQmKzSOxGE8SX8unXJ1Hseybidgzd8n8J5Bs0=,200,0,79n7kjGj4f5IgYHHsn/1vM48wtups6ZgzthW+tZS+Sg=,4846,13.85,1,4,2017-09-05T16:04:05.748Z,14
1,+h9wEzBQmKzSOxGE8SX8unXJ1Hseybidgzd8n8J5Bs0=,200,0,79n7kjGj4f5IgYHHsn/1vM48wtups6ZgzthW+tZS+Sg=,4845,16.27,1,3,2017-09-05T16:04:07.681Z,13
1,+h9wEzBQmKzSOxGE8SX8unXJ1Hseybidgzd8n8J5Bs0=,200,0,79n7kjGj4f5IgYHHsn/1vM48wtups6ZgzthW+tZS+Sg=,4848,8.21,1,4,2017-09-05T16:04:12.998Z,14
1,+h9wEzBQmKzSOxGE8SX8unXJ1Hseybidgzd8n8J5Bs0=,200,7,79n7kjGj4f5IgYHHsn/1vM48wtups6ZgzthW+tZS+Sg=,4770,15.18,1,2,2017-09-05T16:04:16.516Z,12
1,+h9wEzBQmKzSOxGE8SX8unXJ1Hseybidgzd8n8J5Bs0=,200,0,79n7kjGj4f5IgYHHsn/1vM48wtups6ZgzthW+tZS+Sg=,4847,16.99,1,1,2017-09-05T16:04:18.140Z,11
1,+h9wEzBQmKzSOxGE8SX8unXJ1Hseybidgzd8n8J5Bs0=,200,0,79n7kjGj4f5IgYHHsn/1vM48wtups6ZgzthW+tZS+Sg=,4850,24.97,1,3,2017-09-05T16:04:21.160Z,13
1,+h9wEzBQmKzSOxGE8SX8unXJ1Hseybidgzd8n8J5Bs0=,200,0,79n7kjGj4f5IgYHHsn/1vM48wtups6ZgzthW+tZS+Sg=,4849,10.87,1,4,2017-09-05T16:04:27.632Z,14
1,+h9wEzBQmKzSOxGE8SX8unXJ1Hseybidgzd8n8J5Bs0=,200,9,79n7kjGj4f5IgYHHsn/1vM48wtups6ZgzthW+tZS+Sg=,4770,30.8,1,2,2017-09-05T16:04:38.543Z,12
1,+h9wEzBQmKzSOxGE8SX8unXJ1Hseybidgzd8n8J5Bs0=,200,9,79n7kjGj4f5IgYHHsn/1vM48wtups6ZgzthW+tZS+Sg=,4770,20.1,1,2,2017-09-05T16:04:44.005Z,12
1,+h9wEzBQmKzSOxGE8SX8unXJ1Hseybidgzd8n8J5Bs0=,200,8,79n7kjGj4f5IgYHHsn/1vM48wtups6ZgzthW+tZS+Sg=,4770,28.14,1,2,2017-09-05T16:05:19.333Z,12
1,+h9wEzBQmKzSOxGE8SX8unXJ1Hseybidgzd8n8J5Bs0=,200,8,79n7kjGj4f5IgYHHsn/1vM48wtups6ZgzthW+tZS+Sg=,4770,18.98,1,2,2017-09-05T16:05:28.030Z,12
1,+h9wEzBQmKzSOxGE8SX8unXJ1Hseybidgzd8n8J5Bs0=,200,0,79n7kjGj4f5IgYHHsn/1vM48wtups6ZgzthW+tZS+Sg=,4851,15.41,1,3,2017-09-05T16:05:33.054Z,13
1,+h9wEzBQmKzSOxGE8SX8unXJ1Hseybidgzd8n8J5Bs0=,409,0,79n7kjGj4f5IgYHHsn/1vM48wtups6ZgzthW+tZS+Sg=,4852,7.77,1,4,2017-09-05T16:05:36.355Z,14
1,+h9wEzBQmKzSOxGE8SX8unXJ1Hseybidgzd8n8J5Bs0=,200,1,79n7kjGj4f5IgYHHsn/1vM48wtups6ZgzthW+tZS+Sg=,4852,10.44,1,4,2017-09-05T16:05:45.882Z,14
1,+h9wEzBQmKzSOxGE8SX8unXJ1Hseybidgzd8n8J5Bs0=,200,0,79n7kjGj4f5IgYHHsn/1vM48wtups6ZgzthW+tZS+Sg=,4852,11.53,1,4,2017-09-05T16:05:48.962Z,14
1,+h9wEzBQmKzSOxGE8SX8unXJ1Hseybidgzd8n8J5Bs0=,200,0,79n7kjGj4f5IgYHHsn/1vM48wtups6ZgzthW+tZS+Sg=,4854,21.73,1,1,2017-09-05T16:05:52.139Z,11
1,+h9wEzBQmKzSOxGE8SX8unXJ1Hseybidgzd8n8J5Bs0=,200,7,79n7kjGj4f5IgYHHsn/1vM48wtups6ZgzthW+tZS+Sg=,4770,31.65,1,2,2017-09-05T16:05:52.926Z,12
1,+h9wEzBQmKzSOxGE8SX8unXJ1Hseybidgzd8n8J5Bs0=,200,7,79n7kjGj4f5IgYHHsn/1vM48wtups6ZgzthW+tZS+Sg=,4770,26.19,1,2,2017-09-05T16:05:54.693Z,12
1,+h9wEzBQmKzSOxGE8SX8unXJ1Hseybidgzd8n8J5Bs0=,200,1,79n7kjGj4f5IgYHHsn/1vM48wtups6ZgzthW+tZS+Sg=,4853,9.58,1,3,2017-09-05T16:05:56.194Z,13
1,+h9wEzBQmKzSOxGE8SX8unXJ1Hseybidgzd8n8J5Bs0=,200,1,79n7kjGj4f5IgYHHsn/1vM48wtups6ZgzthW+tZS+Sg=,4855,11.21,1,4,2017-09-05T16:05:58.855Z,14
1,+h9wEzBQmKzSOxGE8SX8unXJ1Hseybidgzd8n8J5Bs0=,200,0,79n7kjGj4f5IgYHHsn/1vM48wtups6ZgzthW+tZS+Sg=,4855,6.71,1,4,2017-09-05T16:06:02.987Z,14
1,+h9wEzBQmKzSOxGE8SX8unXJ1Hseybidgzd8n8J5Bs0=,200,6,79n7kjGj4f5IgYHHsn/1vM48wtups6ZgzthW+tZS+Sg=,4770,17.13,1,2,2017-09-05T16:06:09.032Z,12
1,+h9wEzBQmKzSOxGE8SX8unXJ1Hseybidgzd8n8J5Bs0=,200,1,79n7kjGj4f5IgYHHsn/1vM48wtups6ZgzthW+tZS+Sg=,4853,10.95,1,3,2017-09-05T16:06:09.521Z,13
1,+h9wEzBQmKzSOxGE8SX8unXJ1Hseybidgzd8n8J5Bs0=,409,0,79n7kjGj4f5IgYHHsn/1vM48wtups6ZgzthW+tZS+Sg=,4857,7.19,1,4,2017-09-05T16:06:17.488Z,14
1,+h9wEzBQmKzSOxGE8SX8unXJ1Hseybidgzd8n8J5Bs0=,200,0,79n7kjGj4f5IgYHHsn/1vM48wtups6ZgzthW+tZS+Sg=,4857,13.07,1,4,2017-09-05T16:06:22.348Z,14
1,+h9wEzBQmKzSOxGE8SX8unXJ1Hseybidgzd8n8J5Bs0=,200,0,79n7kjGj4f5IgYHHsn/1vM48wtups6ZgzthW+tZS+Sg=,4853,16.54,1,3,2017-09-05T16:06:28.510Z,13
1,+h9wEzBQmKzSOxGE8SX8unXJ1Hseybidgzd8n8J5Bs0=,200,0,79n7kjGj4f5IgYHHsn/1vM48wtups6ZgzthW+tZS+Sg=,4858,20.84,1,3,2017-09-05T16:06:43.048Z,13
1,+h9wEzBQmKzSOxGE8SX8unXJ1Hseybidgzd8n8J5Bs0=,200,1,79n7kjGj4f5IgYHHsn/1vM48wtups6ZgzthW+tZS+Sg=,4856,41.71,1,1,2017-09-05T16:06:47.124Z,11
1,+h9wEzBQmKzSOxGE8SX8unXJ1Hseybidgzd8n8J5Bs0=,200,6,79n7kjGj4f5IgYHHsn/1vM48wtups6ZgzthW+tZS+Sg=,4770,21.41,1,2,2017-09-05T16:06:47.527Z,12
1,+h9wEzBQmKzSOxGE8SX8unXJ1Hseybidgzd8n8J5Bs0=,200,1,79n7kjGj4f5IgYHHsn/1vM48wtups6ZgzthW+tZS+Sg=,4860,6.53,1,4,2017-09-05T16:06:48.643Z,14
1,+h9wEzBQmKzSOxGE8SX8unXJ1Hseybidgzd8n8J5Bs0=,200,0,79n7kjGj4f5IgYHHsn/1vM48wtups6ZgzthW+tZS+Sg=,4856,27.07,1,1,2017-09-05T16:06:50.506Z,11
1,+h9wEzBQmKzSOxGE8SX8unXJ1Hseybidgzd8n8J5Bs0=,200,1,79n7kjGj4f5IgYHHsn/1vM48wtups6ZgzthW+tZS+Sg=,4859,13.22,1,3,2017-09-05T16:06:55.050Z,13
1,+h9wEzBQmKzSOxGE8SX8unXJ1Hseybidgzd8n8J5Bs0=,200,0,79n7kjGj4f5IgYHHsn/1vM48wtups6ZgzthW+tZS+Sg=,4860,8.99,1,4,2017-09-05T16:06:56.367Z,14
1,+h9wEzBQmKzSOxGE8SX8unXJ1Hseybidgzd8n8J5Bs0=,200,0,79n7kjGj4f5IgYHHsn/1vM48wtups6ZgzthW+tZS+Sg=,4859,9.88,1,3,2017-09-05T16:06:57.077Z,13
1,+h9wEzBQmKzSOxGE8SX8unXJ1Hseybidgzd8n8J5Bs0=,200,0,79n7kjGj4f5IgYHHsn/1vM48wtups6ZgzthW+tZS+Sg=,4862,13.98,1,4,2017-09-05T16:07:01.109Z,14
1,+h9wEzBQmKzSOxGE8SX8unXJ1Hseybidgzd8n8J5Bs0=,200,0,79n7kjGj4f5IgYHHsn/1vM48wtups6ZgzthW+tZS+Sg=,4863,9.43,1,4,2017-09-05T16:07:04.855Z,14
1,+h9wEzBQmKzSOxGE8SX8unXJ1Hseybidgzd8n8J5Bs0=,200,7,79n7kjGj4f5IgYHHsn/1vM48wtups6ZgzthW+tZS+Sg=,4770,17.64,1,2,2017-09-05T16:07:06.808Z,12
1,+h9wEzBQmKzSOxGE8SX8unXJ1Hseybidgzd8n8J5Bs0=,200,7,79n7kjGj4f5IgYHHsn/1vM48wtups6ZgzthW+tZS+Sg=,4770,17.0,1,2,2017-09-05T16:07:12.227Z,12
1,+h9wEzBQmKzSOxGE8SX8unXJ1Hseybidgzd8n8J5Bs0=,200,6,79n7kjGj4f5IgYHHsn/1vM48wtups6ZgzthW+tZS+Sg=,4770,27.96,1,2,2017-09-05T16:07:22.742Z,12
1,+h9wEzBQmKzSOxGE8SX8unXJ1Hseybidgzd8n8J5Bs0=,200,2,79n7kjGj4f5IgYHHsn/1vM48wtups6ZgzthW+tZS+Sg=,4861,19.62,1,1,2017-09-05T16:07:44.973Z,11
1,+h9wEzBQmKzSOxGE8SX8unXJ1Hseybidgzd8n8J5Bs0=,200,5,79n7kjGj4f5IgYHHsn/1vM48wtups6ZgzthW+tZS+Sg=,4770,17.42,1,2,2017-09-05T16:07:48.567Z,12
1,+h9wEzBQmKzSOxGE8SX8unXJ1Hseybidgzd8n8J5Bs0=,200,0,79n7kjGj4f5IgYHHsn/1vM48wtups6ZgzthW+tZS+Sg=,4864,15.17,1,3,2017-09-05T16:07:56.658Z,13
1,+h9wEzBQmKzSOxGE8SX8unXJ1Hseybidgzd8n8J5Bs0=,200,1,79n7kjGj4f5IgYHHsn/1vM48wtups6ZgzthW+tZS+Sg=,4861,43.17,1,1,2017-09-05T16:07:59.610Z,11
1,+h9wEzBQmKzSOxGE8SX8unXJ1Hseybidgzd8n8J5Bs0=,200,1,79n7kjGj4f5IgYHHsn/1vM48wtups6ZgzthW+tZS+Sg=,4864,17.37,1,3,2017-09-05T16:08:09.115Z,13
1,+h9wEzBQmKzSOxGE8SX8unXJ1Hseybidgzd8n8J5Bs0=,200,0,79n7kjGj4f5IgYHHsn/1vM48wtups6ZgzthW+tZS+Sg=,4861,26.92,1,1,2017-09-05T16:08:10.255Z,11
1,+h9wEzBQmKzSOxGE8SX8unXJ1Hseybidgzd8n8J5Bs0=,200,5,79n7kjGj4f5IgYHHsn/1vM48wtups6ZgzthW+tZS+Sg=,4770,15.04,1,2,2017-09-05T16:08:11.193Z,12
1,+h9wEzBQmKzSOxGE8SX8unXJ1Hseybidgzd8n8J5Bs0=,200,4,79n7kjGj4f5IgYHHsn/1vM48wtups6ZgzthW+tZS+Sg=,4770,21.47,1,2,2017-09-05T16:08:17.084Z,12
1,+h9wEzBQmKzSOxGE8SX8unXJ1Hseybidgzd8n8J5Bs0=,200,4,79n7kjGj4f5IgYHHsn/1vM48wtups6ZgzthW+tZS+Sg=,4770,19.84,1,2,2017-09-05T16:08:17.895Z,12
1,+h9wEzBQmKzSOxGE8SX8unXJ1Hseybidgzd8n8J5Bs0=,200,2,79n7kjGj4f5IgYHHsn/1vM48wtups6ZgzthW+tZS+Sg=,4865,12.36,1,4,2017-09-05T16:08:18.821Z,14
1,+h9wEzBQmKzSOxGE8SX8unXJ1Hseybidgzd8n8J5Bs0=,200,2,79n7kjGj4f5IgYHHsn/1vM48wtups6ZgzthW+tZS+Sg=,4864,18.46,1,3,2017-09-05T16:08:21.052Z,13
1,+h9wEzBQmKzSOxGE8SX8unXJ1Hseybidgzd8n8J5Bs0=,200,1,79n7kjGj4f5IgYHHsn/1vM48wtups6ZgzthW+tZS+Sg=,4865,11.86,1,4,2017-09-05T16:08:25.859Z,14
1,+h9wEzBQmKzSOxGE8SX8unXJ1Hseybidgzd8n8J5Bs0=,200,0,79n7kjGj4f5IgYHHsn/1vM48wtups6ZgzthW+tZS+Sg=,4865,6.73,1,4,2017-09-05T16:08:35.964Z,14
1,+h9wEzBQmKzSOxGE8SX8unXJ1Hseybidgzd8n8J5Bs0=,200,5,79n7kjGj4f5IgYHHsn/1vM48wtups6ZgzthW+tZS+Sg=,4770,31.71,1,2,2017-09-05T16:08:37.378Z,12
1,+h9wEzBQmKzSOxGE8SX8unXJ1Hseybidgzd8n8J5Bs0=,200,2,79n7kjGj4f5IgYHHsn/1vM48wtups6ZgzthW+tZS+Sg=,4866,29.75,1,1,2017-09-05T16:08:40.785Z,11
1,+h9wEzBQmKzSOxGE8SX8unXJ1Hseybidgzd8n8J5Bs0=,200,1,79n7kjGj4f5IgYHHsn/1vM48wtups6ZgzthW+tZS+Sg=,4864,10.86,1,3,2017-09-05T16:08:47.568Z,13
1,+h9wEzBQmKzSOxGE8SX8unXJ1Hseybidgzd8n8J5Bs0=,409,0,79n7kjGj4f5IgYHHsn/1vM48wtups6ZgzthW+tZS+Sg=,4864,10.34,1,3,2017-09-05T16:09:00.897Z,13
1,+h9wEzBQmKzSOxGE8SX8unXJ1Hseybidgzd8n8J5Bs0=,200,4,79n7kjGj4f5IgYHHsn/1vM48wtups6ZgzthW+tZS+Sg=,4770,33.98,1,2,2017-09-05T16:09:16.519Z,12
1,+h9wEzBQmKzSOxGE8SX8unXJ1Hseybidgzd8n8J5Bs0=,200,0,79n7kjGj4f5IgYHHsn/1vM48wtups6ZgzthW+tZS+Sg=,4864,14.22,1,3,2017-09-05T16:09:27.240Z,13
1,+h9wEzBQmKzSOxGE8SX8unXJ1Hseybidgzd8n8J5Bs0=,200,0,79n7kjGj4f5IgYHHsn/1vM48wtups6ZgzthW+tZS+Sg=,4867,7.59,1,4,2017-09-05T16:09:34.130Z,14
1,+h9wEzBQmKzSOxGE8SX8unXJ1Hseybidgzd8n8J5Bs0=,200,3,79n7kjGj4f5IgYHHsn/1vM48wtups6ZgzthW+tZS+Sg=,4866,23.52,1,1,2017-09-05T16:09:47.961Z,11
1,+h9wEzBQmKzSOxGE8SX8unXJ1Hseybidgzd8n8J5Bs0=,200,3,79n7kjGj4f5IgYHHsn/1vM48wtups6ZgzthW+tZS+Sg=,4866,15.77,1,1,2017-09-05T16:10:00.608Z,11
1,+h9wEzBQmKzSOxGE8SX8unXJ1Hseybidgzd8n8J5Bs0=,200,5,79n7kjGj4f5IgYHHsn/1vM48wtups6ZgzthW+tZS+Sg=,4770,34.03,1,2,2017-09-05T16:10:03.623Z,12
1,+h9wEzBQmKzSOxGE8SX8unXJ1Hseybidgzd8n8J5Bs0=,200,2,79n7kjGj4f5IgYHHsn/1vM48wtups6ZgzthW+tZS+Sg=,4866,26.96,1,1,2017-09-05T16:10:07.041Z,11
1,+h9wEzBQmKzSOxGE8SX8unXJ1Hseybidgzd8n8J5Bs0=,200,0,79n7kjGj4f5IgYHHsn/1vM48wtups6ZgzthW+tZS+Sg=,4868,14.39,1,4,2017-09-05T16:10:10.949Z,14
1,+h9wEzBQmKzSOxGE8SX8unXJ1Hseybidgzd8n8J5Bs0=,200,0,79n7kjGj4f5IgYHHsn/1vM48wtups6ZgzthW+tZS+Sg=,4870,16.79,1,4,2017-09-05T16:10:14.699Z,14
1,+h9wEzBQmKzSOxGE8SX8unXJ1Hseybidgzd8n8J5Bs0=,200,4,79n7kjGj4f5IgYHHsn/1vM48wtups6ZgzthW+tZS+Sg=,4770,16.06,1,2,2017-09-05T16:10:18.268Z,12
1,+h9wEzBQmKzSOxGE8SX8unXJ1Hseybidgzd8n8J5Bs0=,200,3,79n7kjGj4f5IgYHHsn/1vM48wtups6ZgzthW+tZS+Sg=,4770,19.69,1,2,2017-09-05T16:10:23.152Z,12
1,+h9wEzBQmKzSOxGE8SX8unXJ1Hseybidgzd8n8J5Bs0=,200,3,79n7kjGj4f5IgYHHsn/1vM48wtups6ZgzthW+tZS+Sg=,4866,15.44,1,1,2017-09-05T16:10:26.674Z,11
1,+h9wEzBQmKzSOxGE8SX8unXJ1Hseybidgzd8n8J5Bs0=,200,2,79n7kjGj4f5IgYHHsn/1vM48wtups6ZgzthW+tZS+Sg=,4869,12.29,1,3,2017-09-05T16:10:27.825Z,13
1,+h9wEzBQmKzSOxGE8SX8unXJ1Hseybidgzd8n8J5Bs0=,200,2,79n7kjGj4f5IgYHHsn/1vM48wtups6ZgzthW+tZS+Sg=,4770,13.04,1,2,2017-09-05T16:10:29.436Z,12
1,+h9wEzBQmKzSOxGE8SX8unXJ1Hseybidgzd8n8J5Bs0=,200,1,79n7kjGj4f5IgYHHsn/1vM48wtups6ZgzthW+tZS+Sg=,4871,8.06,1,4,2017-09-05T16:10:31.110Z,14
1,+h9wEzBQmKzSOxGE8SX8unXJ1Hseybidgzd8n8J5Bs0=,200,2,79n7kjGj4f5IgYHHsn/1vM48wtups6ZgzthW+tZS+Sg=,4869,13.46,1,3,2017-09-05T16:10:31.776Z,13
1,+h9wEzBQmKzSOxGE8SX8unXJ1Hseybidgzd8n8J5Bs0=,200,0,79n7kjGj4f5IgYHHsn/1vM48wtups6ZgzthW+tZS+Sg=,4871,11.74,1,4,2017-09-05T16:10:35.266Z,14
1,+h9wEzBQmKzSOxGE8SX8unXJ1Hseybidgzd8n8J5Bs0=,200,2,79n7kjGj4f5IgYHHsn/1vM48wtups6ZgzthW+tZS+Sg=,4770,19.13,1,2,2017-09-05T16:10:41.283Z,12
1,+h9wEzBQmKzSOxGE8SX8unXJ1Hseybidgzd8n8J5Bs0=,200,3,79n7kjGj4f5IgYHHsn/1vM48wtups6ZgzthW+tZS+Sg=,4866,37.38,1,1,2017-09-05T16:10:48.609Z,11
1,+h9wEzBQmKzSOxGE8SX8unXJ1Hseybidgzd8n8J5Bs0=,200,2,79n7kjGj4f5IgYHHsn/1vM48wtups6ZgzthW+tZS+Sg=,4866,37.38,1,1,2017-09-05T16:10:48.775Z,11
1,+h9wEzBQmKzSOxGE8SX8unXJ1Hseybidgzd8n8J5Bs0=,200,1,79n7kjGj4f5IgYHHsn/1vM48wtups6ZgzthW+tZS+Sg=,4866,17.25,1,1,2017-09-05T16:10:50.843Z,11
1,+h9wEzBQmKzSOxGE8SX8unXJ1Hseybidgzd8n8J5Bs0=,200,0,79n7kjGj4f5IgYHHsn/1vM48wtups6ZgzthW+tZS+Sg=,4872,6.42,1,4,2017-09-05T16:10:53.902Z,14
1,+h9wEzBQmKzSOxGE8SX8unXJ1Hseybidgzd8n8J5Bs0=,200,3,79n7kjGj4f5IgYHHsn/1vM48wtups6ZgzthW+tZS+Sg=,4869,10.13,1,3,2017-09-05T16:10:55.142Z,13
1,+h9wEzBQmKzSOxGE8SX8unXJ1Hseybidgzd8n8J5Bs0=,200,5,79n7kjGj4f5IgYHHsn/1vM48wtups6ZgzthW+tZS+Sg=,4770,13.76,1,2,2017-09-05T16:11:07.131Z,12
1,+h9wEzBQmKzSOxGE8SX8unXJ1Hseybidgzd8n8J5Bs0=,200,2,79n7kjGj4f5IgYHHsn/1vM48wtups6ZgzthW+tZS+Sg=,4869,21.9,1,3,2017-09-05T16:11:11.688Z,13
1,+h9wEzBQmKzSOxGE8SX8unXJ1Hseybidgzd8n8J5Bs0=,200,1,79n7kjGj4f5IgYHHsn/1vM48wtups6ZgzthW+tZS+Sg=,4873,11.43,1,4,2017-09-05T16:11:12.595Z,14
1,+h9wEzBQmKzSOxGE8SX8unXJ1Hseybidgzd8n8J5Bs0=,200,0,79n7kjGj4f5IgYHHsn/1vM48wtups6ZgzthW+tZS+Sg=,4866,25.92,1,1,2017-09-05T16:11:16.192Z,11
1,+h9wEzBQmKzSOxGE8SX8unXJ1Hseybidgzd8n8J5Bs0=,200,4,79n7kjGj4f5IgYHHsn/1vM48wtups6ZgzthW+tZS+Sg=,4770,12.25,1,2,2017-09-05T16:11:19.021Z,12
1,+h9wEzBQmKzSOxGE8SX8unXJ1Hseybidgzd8n8J5Bs0=,200,1,79n7kjGj4f5IgYHHsn/1vM48wtups6ZgzthW+tZS+Sg=,4873,17.06,1,4,2017-09-05T16:11:20.929Z,14
1,+h9wEzBQmKzSOxGE8SX8unXJ1Hseybidgzd8n8J5Bs0=,200,1,79n7kjGj4f5IgYHHsn/1vM48wtups6ZgzthW+tZS+Sg=,4873,11.37,1,4,2017-09-05T16:11:21.972Z,14
1,+h9wEzBQmKzSOxGE8SX8unXJ1Hseybidgzd8n8J5Bs0=,200,0,79n7kjGj4f5IgYHHsn/1vM48wtups6ZgzthW+tZS+Sg=,4873,6.65,1,4,2017-09-05T16:11:24.686Z,14
1,+h9wEzBQmKzSOxGE8SX8unXJ1Hseybidgzd8n8J5Bs0=,200,0,79n7kjGj4f5IgYHHsn/1vM48wtups6ZgzthW+tZS+Sg=,4874,44.48,1,1,2017-09-05T16:11:30.589Z,11
1,+h9wEzBQmKzSOxGE8SX8unXJ1Hseybidgzd8n8J5Bs0=,200,2,79n7kjGj4f5IgYHHsn/1vM48wtups6ZgzthW+tZS+Sg=,4869,15.97,1,3,2017-09-05T16:11:31.646Z,13
1,+h9wEzBQmKzSOxGE8SX8unXJ1Hseybidgzd8n8J5Bs0=,200,1,79n7kjGj4f5IgYHHsn/1vM48wtups6ZgzthW+tZS+Sg=,4869,15.97,1,3,2017-09-05T16:11:32.886Z,13
1,+h9wEzBQmKzSOxGE8SX8unXJ1Hseybidgzd8n8J5Bs0=,200,0,79n7kjGj4f5IgYHHsn/1vM48wtups6ZgzthW+tZS+Sg=,4869,15.97,1,3,2017-09-05T16:11:33.667Z,13
1,+h9wEzBQmKzSOxGE8SX8unXJ1Hseybidgzd8n8J5Bs0=,200,5,79n7kjGj4f5IgYHHsn/1vM48wtups6ZgzthW+tZS+Sg=,4770,12.96,1,2,2017-09-05T16:11:40.069Z,12
1,+h9wEzBQmKzSOxGE8SX8unXJ1Hseybidgzd8n8J5Bs0=,200,0,79n7kjGj4f5IgYHHsn/1vM48wtups6ZgzthW+tZS+Sg=,4875,7.93,1,4,2017-09-05T16:11:42.961Z,14
1,+h9wEzBQmKzSOxGE8SX8unXJ1Hseybidgzd8n8J5Bs0=,200,0,79n7kjGj4f5IgYHHsn/1vM48wtups6ZgzthW+tZS+Sg=,4877,20.87,1,1,2017-09-05T16:11:53.717Z,11
1,+h9wEzBQmKzSOxGE8SX8unXJ1Hseybidgzd8n8J5Bs0=,200,5,79n7kjGj4f5IgYHHsn/1vM48wtups6ZgzthW+tZS+Sg=,4770,30.19,1,2,2017-09-05T16:12:03.692Z,12
1,+h9wEzBQmKzSOxGE8SX8unXJ1Hseybidgzd8n8J5Bs0=,200,0,79n7kjGj4f5IgYHHsn/1vM48wtups6ZgzthW+tZS+Sg=,4876,21.87,1,1,2017-09-05T16:12:03.820Z,11
1,+h9wEzBQmKzSOxGE8SX8unXJ1Hseybidgzd8n8J5Bs0=,200,0,79n7kjGj4f5IgYHHsn/1vM48wtups6ZgzthW+tZS+Sg=,4878,18.63,1,3,2017-09-05T16:12:06.154Z,13
1,+h9wEzBQmKzSOxGE8SX8unXJ1Hseybidgzd8n8J5Bs0=,200,5,79n7kjGj4f5IgYHHsn/1vM48wtups6ZgzthW+tZS+Sg=,4770,27.04,1,2,2017-09-05T16:12:08.333Z,12
